advertised_in_this_codex_session,skill,family,verdict,use,reason,path,resolved_path,lines,sha256
True,accessibility,agents,Revise,Core,"Keep the capability. Correct large-text contrast thresholds from 18px/14px bold to 18pt/14pt bold, approximately 24px/18.67px. Keep keyboard and assistive-technology verification.",/Users/wulymammoth/.agents/skills/accessibility/SKILL.md,/Users/wulymammoth/.agents/skills/accessibility/SKILL.md,440,65021e9ccab70165539db82070257d4e2e2c7d7b0f857825299da2e4a7a8704c
True,best-practices,agents,Consolidate,Specialist,Broad generic overlap with web-quality-audit and current engineering policy. Retain useful security/browser checks as references; avoid blanket npm update/audit-fix and permissions-policy examples as automatic remediation.,/Users/wulymammoth/.agents/skills/best-practices/SKILL.md,/Users/wulymammoth/.agents/skills/best-practices/SKILL.md,583,f32182e2cd742818f6b3b86f40be319eeae9cb10e392e3e4a8e8f586bad4eccf
True,core-web-vitals,agents,Revise,Specialist,Keep targeted LCP/INP/CLS diagnosis. Correct the claim that a whole SVG is an LCP candidate and clarify the per-page interaction calculation; retain measured field/lab distinctions.,/Users/wulymammoth/.agents/skills/core-web-vitals/SKILL.md,/Users/wulymammoth/.agents/skills/core-web-vitals/SKILL.md,441,b03396c9bd7a41950bbaf5964bc8f1cf60a3c81830a6171614d6413c8bff308c
True,ctx,agents,Retire,Duplicate,Exact duplicate of ~/.codex/skills/ctx/SKILL.md. Disable this path for Codex discovery only; preserve manager-owned copies used by other agents.,/Users/wulymammoth/.agents/skills/ctx/SKILL.md,/Users/wulymammoth/.agents/skills/ctx/SKILL.md,252,7f9b77506ef0149db93773f6ca0dd7bda64c25ff87e04afcd28e5d38b928a1e8
True,find-skills,agents,Revise,Specialist,"Useful only when a real capability gap exists. Star/install counts are weak quality proxies; assess source, applicability, permissions, tests, and maintenance instead of popularity alone.",/Users/wulymammoth/.agents/skills/find-skills/SKILL.md,/Users/wulymammoth/.agents/skills/find-skills/SKILL.md,142,1e85f6f9686e145aca4a124e3b704b9bbea9aa87e08515c1e352eee70f6e6e7a
True,grill-me,agents,Keep,Specialist,"A small, distinct opt-in challenge mode. Useful when you request intensive questioning; not a default pre-coding ceremony.",/Users/wulymammoth/.agents/skills/grill-me/SKILL.md,/Users/wulymammoth/.agents/skills/grill-me/SKILL.md,10,74147eb6010a65957efef2b9e0f0b3ff935c1def7fc117697151b1d0f3610556
True,grill-with-docs,agents,Revise,Specialist,"Useful documentation-aware challenge mode, but adapt its automatic CONTEXT.md glossary writing to your existing authoritative documents and accepted decision process. It overlaps grill-me and can become its documentation mode.",/Users/wulymammoth/.agents/skills/grill-with-docs/SKILL.md,/Users/wulymammoth/.agents/skills/grill-with-docs/SKILL.md,88,3e35025119ba03efe7983dfdec3c8b96918142e3978512f3c2bf66d428310c7e
True,gsd,agents,Retire,Unused workflow,You report no recent GSD use. Legacy 1.0.0 conversion duplicates the newer commands; upstream conversion describes itself as untested.,/Users/wulymammoth/.agents/skills/gsd/SKILL.md,/Users/wulymammoth/.agents/skills/gsd/SKILL.md,241,fb83d9389fd1364cea82cc751f6e8a5098e60f66762ba1719a53020277102390
True,gsd-add-backlog,agents,Retire,Unused workflow,You report no recent GSD use. Keep available only if a future project explicitly chooses GSD; preserve its runtime and project history during initial deactivation.,/Users/wulymammoth/.agents/skills/gsd-add-backlog/SKILL.md,/Users/wulymammoth/.agents/skills/gsd-add-backlog/SKILL.md,77,7a410f57978040b1409283ad1dd796776b6511b8331eb4e49070a811d7e0995e
True,gsd-add-phase,agents,Retire,Unused workflow,You report no recent GSD use. Keep available only if a future project explicitly chooses GSD; preserve its runtime and project history during initial deactivation.,/Users/wulymammoth/.agents/skills/gsd-add-phase/SKILL.md,/Users/wulymammoth/.agents/skills/gsd-add-phase/SKILL.md,44,d87c6abdb2318bdca788724bb0d54981da33f423f2b52fbae4b65940adf6c495
True,gsd-add-tests,agents,Retire,Unused workflow,You report no recent GSD use. Keep available only if a future project explicitly chooses GSD; preserve its runtime and project history during initial deactivation.,/Users/wulymammoth/.agents/skills/gsd-add-tests/SKILL.md,/Users/wulymammoth/.agents/skills/gsd-add-tests/SKILL.md,38,e6374d37ecada2384d8c5b7122cacd5e71f7010bc718d7f3c800ac2785edfb7b
True,gsd-add-todo,agents,Retire,Unused workflow,You report no recent GSD use. Keep available only if a future project explicitly chooses GSD; preserve its runtime and project history during initial deactivation.,/Users/wulymammoth/.agents/skills/gsd-add-todo/SKILL.md,/Users/wulymammoth/.agents/skills/gsd-add-todo/SKILL.md,48,cd6a6e01da7d3fdf18f4cb9798d2abb8e2bd9e2387332321516d373bf86e664a
True,gsd-ai-integration-phase,agents,Retire,Unused workflow,You report no recent GSD use. Keep available only if a future project explicitly chooses GSD; preserve its runtime and project history during initial deactivation.,/Users/wulymammoth/.agents/skills/gsd-ai-integration-phase/SKILL.md,/Users/wulymammoth/.agents/skills/gsd-ai-integration-phase/SKILL.md,37,fe36b687773ff7ebdf1079876d812d4110e7fa59e24d7bf5c85a607ab55384c0
True,gsd-analyze-dependencies,agents,Retire,Unused workflow,You report no recent GSD use. Keep available only if a future project explicitly chooses GSD; preserve its runtime and project history during initial deactivation.,/Users/wulymammoth/.agents/skills/gsd-analyze-dependencies/SKILL.md,/Users/wulymammoth/.agents/skills/gsd-analyze-dependencies/SKILL.md,35,1e7ab3cb385311c06b514a9f2e2a650382193f9d235b4cea4a912bb7faf3c34e
True,gsd-audit-fix,agents,Retire,Unused workflow,You report no recent GSD use. Keep available only if a future project explicitly chooses GSD; preserve its runtime and project history during initial deactivation.,/Users/wulymammoth/.agents/skills/gsd-audit-fix/SKILL.md,/Users/wulymammoth/.agents/skills/gsd-audit-fix/SKILL.md,33,8f4d02f154d9e0a3cbbfe1d2ba64622981893c418af0beab5f46e133ec7097c3
True,gsd-audit-milestone,agents,Retire,Unused workflow,You report no recent GSD use. Keep available only if a future project explicitly chooses GSD; preserve its runtime and project history during initial deactivation.,/Users/wulymammoth/.agents/skills/gsd-audit-milestone/SKILL.md,/Users/wulymammoth/.agents/skills/gsd-audit-milestone/SKILL.md,37,d87e7c09ba295399cf89a0803cebb7fe8c9747033ee957f122f89529f9e14606
True,gsd-audit-uat,agents,Retire,Unused workflow,You report no recent GSD use. Keep available only if a future project explicitly chooses GSD; preserve its runtime and project history during initial deactivation.,/Users/wulymammoth/.agents/skills/gsd-audit-uat/SKILL.md,/Users/wulymammoth/.agents/skills/gsd-audit-uat/SKILL.md,25,75f4d1a182942d69d11135391f76052d92e8bbec5eeb01e7d6b2e0d748496ba0
True,gsd-autonomous,agents,Retire,Unused workflow,You report no recent GSD use. Keep available only if a future project explicitly chooses GSD; preserve its runtime and project history during initial deactivation.,/Users/wulymammoth/.agents/skills/gsd-autonomous/SKILL.md,/Users/wulymammoth/.agents/skills/gsd-autonomous/SKILL.md,47,6b2b4369e63f44cc7e4b0e94b97e2365bda0ccce07517543e418bda1aec15491
True,gsd-check-todos,agents,Retire,Unused workflow,You report no recent GSD use. Keep available only if a future project explicitly chooses GSD; preserve its runtime and project history during initial deactivation.,/Users/wulymammoth/.agents/skills/gsd-check-todos/SKILL.md,/Users/wulymammoth/.agents/skills/gsd-check-todos/SKILL.md,46,cd0bb9dd1289d095fe6598f4f794e19654c70844c900e4df56b39db6b0732337
True,gsd-cleanup,agents,Retire,Unused workflow,You report no recent GSD use. Keep available only if a future project explicitly chooses GSD; preserve its runtime and project history during initial deactivation.,/Users/wulymammoth/.agents/skills/gsd-cleanup/SKILL.md,/Users/wulymammoth/.agents/skills/gsd-cleanup/SKILL.md,24,ed5b23472e687dc8324ec6dc392d827aa1e63c2a507a7514bf6d5d7a40e32401
True,gsd-code-review,agents,Retire,Unused workflow,You report no recent GSD use. Keep available only if a future project explicitly chooses GSD; preserve its runtime and project history during initial deactivation.,/Users/wulymammoth/.agents/skills/gsd-code-review/SKILL.md,/Users/wulymammoth/.agents/skills/gsd-code-review/SKILL.md,56,3448ea5edcba48d37029b523f6e3fe72a41a4bd2e232424fb14c1aa71f235891
True,gsd-code-review-fix,agents,Retire,Unused workflow,You report no recent GSD use. Keep available only if a future project explicitly chooses GSD; preserve its runtime and project history during initial deactivation.,/Users/wulymammoth/.agents/skills/gsd-code-review-fix/SKILL.md,/Users/wulymammoth/.agents/skills/gsd-code-review-fix/SKILL.md,53,ac2a41d9007bbd0759cde023abefe7ed0ff38aefd9c5bfa59b050c79b560f845
True,gsd-codebase-mapper,agents,Retire,Unused workflow,You report no recent GSD use. Legacy 1.0.0 conversion duplicates the newer commands; upstream conversion describes itself as untested.,/Users/wulymammoth/.agents/skills/gsd/agents/codebase-mapper/SKILL.md,/Users/wulymammoth/.agents/skills/gsd/agents/codebase-mapper/SKILL.md,727,ace0e09769f8ab71c4c0a0070238ee0b71bb0b508245e4d827052943a7aa3bec
True,gsd-complete-milestone,agents,Retire,Unused workflow,You report no recent GSD use. Keep available only if a future project explicitly chooses GSD; preserve its runtime and project history during initial deactivation.,/Users/wulymammoth/.agents/skills/gsd-complete-milestone/SKILL.md,/Users/wulymammoth/.agents/skills/gsd-complete-milestone/SKILL.md,136,5f2bcd7fb6f639320b2f05822b34bd2262d0db5c634ce8e62203126db35c2615
True,gsd-debug,agents,Retire,Unused workflow,You report no recent GSD use. Keep available only if a future project explicitly chooses GSD; preserve its runtime and project history during initial deactivation.,/Users/wulymammoth/.agents/skills/gsd-debug/SKILL.md,/Users/wulymammoth/.agents/skills/gsd-debug/SKILL.md,264,532793f86da0e7449b51d9311aceaf7e0d62b8943ff17b9601053cd5c651d039
True,gsd-debugger,agents,Retire,Unused workflow,You report no recent GSD use. Legacy 1.0.0 conversion duplicates the newer commands; upstream conversion describes itself as untested.,/Users/wulymammoth/.agents/skills/gsd/agents/debugger/SKILL.md,/Users/wulymammoth/.agents/skills/gsd/agents/debugger/SKILL.md,690,409e356db78f38939ba0e35806102902f8affbb1dc05693efa3738fe78e1f81c
True,gsd-discuss-phase,agents,Retire,Unused workflow,You report no recent GSD use. Keep available only if a future project explicitly chooses GSD; preserve its runtime and project history during initial deactivation.,/Users/wulymammoth/.agents/skills/gsd-discuss-phase/SKILL.md,/Users/wulymammoth/.agents/skills/gsd-discuss-phase/SKILL.md,70,3a978a1476e1e43e3da52d836c24e9a428f303cb2fce7c28a6f96c7ab3a5398d
True,gsd-do,agents,Retire,Unused workflow,You report no recent GSD use. Keep available only if a future project explicitly chooses GSD; preserve its runtime and project history during initial deactivation.,/Users/wulymammoth/.agents/skills/gsd-do/SKILL.md,/Users/wulymammoth/.agents/skills/gsd-do/SKILL.md,31,2a7f48293a0403ccfe2504bb35c8db533e3eedc21368625c8935e02ac1be4c48
True,gsd-docs-update,agents,Retire,Unused workflow,You report no recent GSD use. Keep available only if a future project explicitly chooses GSD; preserve its runtime and project history during initial deactivation.,/Users/wulymammoth/.agents/skills/gsd-docs-update/SKILL.md,/Users/wulymammoth/.agents/skills/gsd-docs-update/SKILL.md,49,36f3b9a9b8549977495913512f5069a90e03b1ba4c89d545ba69ddb445136bd3
True,gsd-eval-review,agents,Retire,Unused workflow,You report no recent GSD use. Keep available only if a future project explicitly chooses GSD; preserve its runtime and project history during initial deactivation.,/Users/wulymammoth/.agents/skills/gsd-eval-review/SKILL.md,/Users/wulymammoth/.agents/skills/gsd-eval-review/SKILL.md,33,d24fb2a27e130cf28e817da22f32ae1561031fa7fb028b29e9599d3d30426865
True,gsd-execute-phase,agents,Retire,Unused workflow,You report no recent GSD use. Keep available only if a future project explicitly chooses GSD; preserve its runtime and project history during initial deactivation.,/Users/wulymammoth/.agents/skills/gsd-execute-phase/SKILL.md,/Users/wulymammoth/.agents/skills/gsd-execute-phase/SKILL.md,64,161681f12c6a07c8b3dde0e6273961bffb3d2b3d87cbeb1ea750c255942ad9b1
True,gsd-executor,agents,Retire,Unused workflow,You report no recent GSD use. Legacy 1.0.0 conversion duplicates the newer commands; upstream conversion describes itself as untested.,/Users/wulymammoth/.agents/skills/gsd/agents/executor/SKILL.md,/Users/wulymammoth/.agents/skills/gsd/agents/executor/SKILL.md,629,46a51114c69a1df57493158671705273218225ec5700372386be904d89d59893
True,gsd-explore,agents,Retire,Unused workflow,You report no recent GSD use. Keep available only if a future project explicitly chooses GSD; preserve its runtime and project history during initial deactivation.,/Users/wulymammoth/.agents/skills/gsd-explore/SKILL.md,/Users/wulymammoth/.agents/skills/gsd-explore/SKILL.md,28,2cf6ba93a259f761ad66c58a7588cdca451125aa6c48c1c8153f0357bc1c1f37
True,gsd-extract_learnings,agents,Retire,Unused workflow,You report no recent GSD use. Keep available only if a future project explicitly chooses GSD; preserve its runtime and project history during initial deactivation.,/Users/wulymammoth/.agents/skills/gsd-extract_learnings/SKILL.md,/Users/wulymammoth/.agents/skills/gsd-extract_learnings/SKILL.md,22,c4fd797f94773ab60079dd298ab039d5b3916e348f328bd29159a5a2babbc320
True,gsd-fast,agents,Retire,Unused workflow,You report no recent GSD use. Keep available only if a future project explicitly chooses GSD; preserve its runtime and project history during initial deactivation.,/Users/wulymammoth/.agents/skills/gsd-fast/SKILL.md,/Users/wulymammoth/.agents/skills/gsd-fast/SKILL.md,31,c42f4c57223779bb44c499a8701a849258274d3ba9b4dd48fd78ad277be84823
True,gsd-forensics,agents,Retire,Unused workflow,You report no recent GSD use. Keep available only if a future project explicitly chooses GSD; preserve its runtime and project history during initial deactivation.,/Users/wulymammoth/.agents/skills/gsd-forensics/SKILL.md,/Users/wulymammoth/.agents/skills/gsd-forensics/SKILL.md,56,91e6737625d7762250af6aa39c29fa6d12656dca51bd57beaeb511b6bfe4b739
True,gsd-from-gsd2,agents,Retire,Unused workflow,You report no recent GSD use. Keep available only if a future project explicitly chooses GSD; preserve its runtime and project history during initial deactivation.,/Users/wulymammoth/.agents/skills/gsd-from-gsd2/SKILL.md,/Users/wulymammoth/.agents/skills/gsd-from-gsd2/SKILL.md,45,8973721bb7c7a869ef0393e0196746bb49995bb3b54e869f243808bb2a803385
True,gsd-graphify,agents,Retire,Unused workflow,You report no recent GSD use. Keep available only if a future project explicitly chooses GSD; preserve its runtime and project history during initial deactivation.,/Users/wulymammoth/.agents/skills/gsd-graphify/SKILL.md,/Users/wulymammoth/.agents/skills/gsd-graphify/SKILL.md,200,3f1ce09c2d60f3525cb19511da03a48a6e20866b09185ab433ac2e3aa147541d
True,gsd-health,agents,Retire,Unused workflow,You report no recent GSD use. Keep available only if a future project explicitly chooses GSD; preserve its runtime and project history during initial deactivation.,/Users/wulymammoth/.agents/skills/gsd-health/SKILL.md,/Users/wulymammoth/.agents/skills/gsd-health/SKILL.md,23,14c6ba75accfe0f1b756b28b7908690f3ebac27a4cfb02f46894d0ad17942143
True,gsd-help,agents,Retire,Unused workflow,You report no recent GSD use. Keep available only if a future project explicitly chooses GSD; preserve its runtime and project history during initial deactivation.,/Users/wulymammoth/.agents/skills/gsd-help/SKILL.md,/Users/wulymammoth/.agents/skills/gsd-help/SKILL.md,25,2eaa83e39471fd764e54f973b8f460fbfa6fbbc195c328e10e4729d6db893ec7
True,gsd-import,agents,Retire,Unused workflow,You report no recent GSD use. Keep available only if a future project explicitly chooses GSD; preserve its runtime and project history during initial deactivation.,/Users/wulymammoth/.agents/skills/gsd-import/SKILL.md,/Users/wulymammoth/.agents/skills/gsd-import/SKILL.md,37,d5a54841007c8e0f8e82400b513e42f664217124d6058a2a8ab1b3076a7e9121
True,gsd-insert-phase,agents,Retire,Unused workflow,You report no recent GSD use. Keep available only if a future project explicitly chooses GSD; preserve its runtime and project history during initial deactivation.,/Users/wulymammoth/.agents/skills/gsd-insert-phase/SKILL.md,/Users/wulymammoth/.agents/skills/gsd-insert-phase/SKILL.md,33,b257a9ef531be04005031ff4799cf8113ace5d302c081800b8460ece91d5803c
True,gsd-integration-checker,agents,Retire,Unused workflow,You report no recent GSD use. Legacy 1.0.0 conversion duplicates the newer commands; upstream conversion describes itself as untested.,/Users/wulymammoth/.agents/skills/gsd/agents/integration-checker/SKILL.md,/Users/wulymammoth/.agents/skills/gsd/agents/integration-checker/SKILL.md,394,194f1db73d8502a3a0fdf61272197542b0e01a7a3116456d15e6a9e33b10cd5f
True,gsd-intel,agents,Retire,Unused workflow,You report no recent GSD use. Keep available only if a future project explicitly chooses GSD; preserve its runtime and project history during initial deactivation.,/Users/wulymammoth/.agents/skills/gsd-intel/SKILL.md,/Users/wulymammoth/.agents/skills/gsd-intel/SKILL.md,180,6739ce0d87299ebb44003e55d92bacf37c70a79c912fb1a157b0b1c644c9a429
True,gsd-join-discord,agents,Retire,Unused workflow,You report no recent GSD use. Keep available only if a future project explicitly chooses GSD; preserve its runtime and project history during initial deactivation.,/Users/wulymammoth/.agents/skills/gsd-join-discord/SKILL.md,/Users/wulymammoth/.agents/skills/gsd-join-discord/SKILL.md,19,9ac388d3f0f89dd7c7f6771323d371a4a2529687121935520bb29c75ffda0092
True,gsd-list-phase-assumptions,agents,Retire,Unused workflow,You report no recent GSD use. Keep available only if a future project explicitly chooses GSD; preserve its runtime and project history during initial deactivation.,/Users/wulymammoth/.agents/skills/gsd-list-phase-assumptions/SKILL.md,/Users/wulymammoth/.agents/skills/gsd-list-phase-assumptions/SKILL.md,47,0b05b71e9c8fbf3b0405aa25d3b518092045fba5ecf4417cd24d1c751706fe72
True,gsd-list-workspaces,agents,Retire,Unused workflow,You report no recent GSD use. Keep available only if a future project explicitly chooses GSD; preserve its runtime and project history during initial deactivation.,/Users/wulymammoth/.agents/skills/gsd-list-workspaces/SKILL.md,/Users/wulymammoth/.agents/skills/gsd-list-workspaces/SKILL.md,20,c3d5a3a544f3856e1e078c8da82f322061fa51d8cafb5022264302f6938f20fc
True,gsd-manager,agents,Retire,Unused workflow,You report no recent GSD use. Keep available only if a future project explicitly chooses GSD; preserve its runtime and project history during initial deactivation.,/Users/wulymammoth/.agents/skills/gsd-manager/SKILL.md,/Users/wulymammoth/.agents/skills/gsd-manager/SKILL.md,41,e32ea8788276081cb3cca6671821c029e41761aa67d225f8776a611b25603650
True,gsd-map-codebase,agents,Retire,Unused workflow,You report no recent GSD use. Keep available only if a future project explicitly chooses GSD; preserve its runtime and project history during initial deactivation.,/Users/wulymammoth/.agents/skills/gsd-map-codebase/SKILL.md,/Users/wulymammoth/.agents/skills/gsd-map-codebase/SKILL.md,72,035a546c3a7a9bbe7afaa009d7900fb455170a6ccccfe239f7059facfa16ab10
True,gsd-milestone-summary,agents,Retire,Unused workflow,You report no recent GSD use. Keep available only if a future project explicitly chooses GSD; preserve its runtime and project history during initial deactivation.,/Users/wulymammoth/.agents/skills/gsd-milestone-summary/SKILL.md,/Users/wulymammoth/.agents/skills/gsd-milestone-summary/SKILL.md,51,0853107a4a25aeff576a605ed877dc7d661907ed7d447081476ff6e609ca2948
True,gsd-new-milestone,agents,Retire,Unused workflow,You report no recent GSD use. Keep available only if a future project explicitly chooses GSD; preserve its runtime and project history during initial deactivation.,/Users/wulymammoth/.agents/skills/gsd-new-milestone/SKILL.md,/Users/wulymammoth/.agents/skills/gsd-new-milestone/SKILL.md,45,e2fe1e1e476092ac9a98b8b7b0630ae3578b1ed6adaadc4665010164621c08eb
True,gsd-new-project,agents,Retire,Unused workflow,You report no recent GSD use. Keep available only if a future project explicitly chooses GSD; preserve its runtime and project history during initial deactivation.,/Users/wulymammoth/.agents/skills/gsd-new-project/SKILL.md,/Users/wulymammoth/.agents/skills/gsd-new-project/SKILL.md,47,30e0b1849ecb2e01761336c941986548a6ea24346a2ea38f1967b2bb253fd9cd
True,gsd-new-workspace,agents,Retire,Unused workflow,You report no recent GSD use. Keep available only if a future project explicitly chooses GSD; preserve its runtime and project history during initial deactivation.,/Users/wulymammoth/.agents/skills/gsd-new-workspace/SKILL.md,/Users/wulymammoth/.agents/skills/gsd-new-workspace/SKILL.md,45,d92506c6d8f74a2320d6de5dcde4420cd22faa244e9596a82d65a98f435fe42a
True,gsd-next,agents,Retire,Unused workflow,You report no recent GSD use. Keep available only if a future project explicitly chooses GSD; preserve its runtime and project history during initial deactivation.,/Users/wulymammoth/.agents/skills/gsd-next/SKILL.md,/Users/wulymammoth/.agents/skills/gsd-next/SKILL.md,29,fdc556b04a9abb1348c4f9c4df0a1f498ed6c15ecb3874b56ac35cbf63d947fc
True,gsd-note,agents,Retire,Unused workflow,You report no recent GSD use. Keep available only if a future project explicitly chooses GSD; preserve its runtime and project history during initial deactivation.,/Users/wulymammoth/.agents/skills/gsd-note/SKILL.md,/Users/wulymammoth/.agents/skills/gsd-note/SKILL.md,35,1921282a852ae645f5f7e74bc70979c2b9223a6f0e2a0259d674452f8e0bcfec
True,gsd-pause-work,agents,Retire,Unused workflow,You report no recent GSD use. Keep available only if a future project explicitly chooses GSD; preserve its runtime and project history during initial deactivation.,/Users/wulymammoth/.agents/skills/gsd-pause-work/SKILL.md,/Users/wulymammoth/.agents/skills/gsd-pause-work/SKILL.md,39,901f65830cc28f6071151e0c3ca1d83f8cf4f42783b000fde5d84cdba5c91c60
True,gsd-phase-researcher,agents,Retire,Unused workflow,You report no recent GSD use. Legacy 1.0.0 conversion duplicates the newer commands; upstream conversion describes itself as untested.,/Users/wulymammoth/.agents/skills/gsd/agents/phase-researcher/SKILL.md,/Users/wulymammoth/.agents/skills/gsd/agents/phase-researcher/SKILL.md,271,d021d069fa4edf9d43d50ed88679d833c4cc0309f7793eaea9599f061e89c394
True,gsd-plan-checker,agents,Retire,Unused workflow,You report no recent GSD use. Legacy 1.0.0 conversion duplicates the newer commands; upstream conversion describes itself as untested.,/Users/wulymammoth/.agents/skills/gsd/agents/plan-checker/SKILL.md,/Users/wulymammoth/.agents/skills/gsd/agents/plan-checker/SKILL.md,346,8ae05d499c6a459e78107c5fb2966882578896f07dea47a0f014a42542e811ac
True,gsd-plan-milestone-gaps,agents,Retire,Unused workflow,You report no recent GSD use. Keep available only if a future project explicitly chooses GSD; preserve its runtime and project history during initial deactivation.,/Users/wulymammoth/.agents/skills/gsd-plan-milestone-gaps/SKILL.md,/Users/wulymammoth/.agents/skills/gsd-plan-milestone-gaps/SKILL.md,35,b7165b66a34a0d69ea9e56bef5a23cd270176336c29973ea0d4da37f290082d3
True,gsd-plan-phase,agents,Retire,Unused workflow,You report no recent GSD use. Keep available only if a future project explicitly chooses GSD; preserve its runtime and project history during initial deactivation.,/Users/wulymammoth/.agents/skills/gsd-plan-phase/SKILL.md,/Users/wulymammoth/.agents/skills/gsd-plan-phase/SKILL.md,53,d4d80a98d76d90e3fd8f03b206e1ef2eda4191182291fab50b912bbfc6da4346
True,gsd-planner,agents,Retire,Unused workflow,You report no recent GSD use. Legacy 1.0.0 conversion duplicates the newer commands; upstream conversion describes itself as untested.,/Users/wulymammoth/.agents/skills/gsd/agents/planner/SKILL.md,/Users/wulymammoth/.agents/skills/gsd/agents/planner/SKILL.md,560,80808d7ec9cd1082739a1bd0bdcfd8609e894b3597ff488fc660f84c2506b549
True,gsd-plant-seed,agents,Retire,Unused workflow,You report no recent GSD use. Keep available only if a future project explicitly chooses GSD; preserve its runtime and project history during initial deactivation.,/Users/wulymammoth/.agents/skills/gsd-plant-seed/SKILL.md,/Users/wulymammoth/.agents/skills/gsd-plant-seed/SKILL.md,29,ee221105771c22d1f77b4bb42a0e33167e6e0d4fcfbe233d5fe5002c55f300d4
True,gsd-pr-branch,agents,Retire,Unused workflow,You report no recent GSD use. Keep available only if a future project explicitly chooses GSD; preserve its runtime and project history during initial deactivation.,/Users/wulymammoth/.agents/skills/gsd-pr-branch/SKILL.md,/Users/wulymammoth/.agents/skills/gsd-pr-branch/SKILL.md,26,66142a13a62e6b5a29d7187411eb4414f5c724167a8a5a2b9d8e37cce0b06f60
True,gsd-profile-user,agents,Retire,Unused workflow,You report no recent GSD use. Keep available only if a future project explicitly chooses GSD; preserve its runtime and project history during initial deactivation.,/Users/wulymammoth/.agents/skills/gsd-profile-user/SKILL.md,/Users/wulymammoth/.agents/skills/gsd-profile-user/SKILL.md,47,a6b690d017a10c73db8eb2aa6677b256260cf014acb8567274d2b7d48c57cf13
True,gsd-progress,agents,Retire,Unused workflow,You report no recent GSD use. Keep available only if a future project explicitly chooses GSD; preserve its runtime and project history during initial deactivation.,/Users/wulymammoth/.agents/skills/gsd-progress/SKILL.md,/Users/wulymammoth/.agents/skills/gsd-progress/SKILL.md,25,c29a6124c6898b4b7fa68bfed66de4167670c7104351b4676d9857bacfa2ea0a
True,gsd-project-researcher,agents,Retire,Unused workflow,You report no recent GSD use. Legacy 1.0.0 conversion duplicates the newer commands; upstream conversion describes itself as untested.,/Users/wulymammoth/.agents/skills/gsd/agents/project-researcher/SKILL.md,/Users/wulymammoth/.agents/skills/gsd/agents/project-researcher/SKILL.md,448,c469ba94fffcea81d50e17a1ca64804c18fb1067d9e5dfdcfd7623402ac50974
True,gsd-quick,agents,Retire,Unused workflow,You report no recent GSD use. Keep available only if a future project explicitly chooses GSD; preserve its runtime and project history during initial deactivation.,/Users/wulymammoth/.agents/skills/gsd-quick/SKILL.md,/Users/wulymammoth/.agents/skills/gsd-quick/SKILL.md,174,4c9d5f1c08568549a74be5db53cc2f922e7161ed8f59131e64787b870002c45b
True,gsd-reapply-patches,agents,Retire,Unused workflow,You report no recent GSD use. Keep available only if a future project explicitly chooses GSD; preserve its runtime and project history during initial deactivation.,/Users/wulymammoth/.agents/skills/gsd-reapply-patches/SKILL.md,/Users/wulymammoth/.agents/skills/gsd-reapply-patches/SKILL.md,311,ce2828ec7a0fcc6474cd72bd1a96af6391e4ac98ff57dc0f6facb620142dbde2
True,gsd-remove-phase,agents,Retire,Unused workflow,You report no recent GSD use. Keep available only if a future project explicitly chooses GSD; preserve its runtime and project history during initial deactivation.,/Users/wulymammoth/.agents/skills/gsd-remove-phase/SKILL.md,/Users/wulymammoth/.agents/skills/gsd-remove-phase/SKILL.md,32,3c0544b5a98c32ae3d173201ce8fc5240a551744c36cdc6ab7605be743cdf717
True,gsd-remove-workspace,agents,Retire,Unused workflow,You report no recent GSD use. Keep available only if a future project explicitly chooses GSD; preserve its runtime and project history during initial deactivation.,/Users/wulymammoth/.agents/skills/gsd-remove-workspace/SKILL.md,/Users/wulymammoth/.agents/skills/gsd-remove-workspace/SKILL.md,27,3efd77212b0beda2cdc7e12e46e631bae009327ed43f1e295e6542a95d423209
True,gsd-research-phase,agents,Retire,Unused workflow,You report no recent GSD use. Keep available only if a future project explicitly chooses GSD; preserve its runtime and project history during initial deactivation.,/Users/wulymammoth/.agents/skills/gsd-research-phase/SKILL.md,/Users/wulymammoth/.agents/skills/gsd-research-phase/SKILL.md,196,690c06937a37314953c76235077767e796ad151a4f164c3c5c65a53410c9048c
True,gsd-research-synthesizer,agents,Retire,Unused workflow,You report no recent GSD use. Legacy 1.0.0 conversion duplicates the newer commands; upstream conversion describes itself as untested.,/Users/wulymammoth/.agents/skills/gsd/agents/research-synthesizer/SKILL.md,/Users/wulymammoth/.agents/skills/gsd/agents/research-synthesizer/SKILL.md,266,3db21c51372c8757079901b4dfbc64712abf3d3312cd80ca97c6d27c3970551b
True,gsd-resume-work,agents,Retire,Unused workflow,You report no recent GSD use. Keep available only if a future project explicitly chooses GSD; preserve its runtime and project history during initial deactivation.,/Users/wulymammoth/.agents/skills/gsd-resume-work/SKILL.md,/Users/wulymammoth/.agents/skills/gsd-resume-work/SKILL.md,41,850dbefe2448d950261b09e0c1b109a58a15b7280d02a4a5bccf7bec5272de53
True,gsd-review,agents,Retire,Unused workflow,You report no recent GSD use. Keep available only if a future project explicitly chooses GSD; preserve its runtime and project history during initial deactivation.,/Users/wulymammoth/.agents/skills/gsd-review/SKILL.md,/Users/wulymammoth/.agents/skills/gsd-review/SKILL.md,41,954c238a02562bca99f745f23ba98712eeca527cb830bb1e1ffa029a5eec2b0f
True,gsd-review-backlog,agents,Retire,Unused workflow,You report no recent GSD use. Keep available only if a future project explicitly chooses GSD; preserve its runtime and project history during initial deactivation.,/Users/wulymammoth/.agents/skills/gsd-review-backlog/SKILL.md,/Users/wulymammoth/.agents/skills/gsd-review-backlog/SKILL.md,63,a6aaf48696fa4ad63edc5a923876a9e6f20306ebb68efcda26a8637715c6812a
True,gsd-roadmapper,agents,Retire,Unused workflow,You report no recent GSD use. Legacy 1.0.0 conversion duplicates the newer commands; upstream conversion describes itself as untested.,/Users/wulymammoth/.agents/skills/gsd/agents/roadmapper/SKILL.md,/Users/wulymammoth/.agents/skills/gsd/agents/roadmapper/SKILL.md,540,43aaf8686b4e6106e4ebe6aefce9569d7a1f02071a76f9cf0097c281a5280b88
True,gsd-scan,agents,Retire,Unused workflow,You report no recent GSD use. Keep available only if a future project explicitly chooses GSD; preserve its runtime and project history during initial deactivation.,/Users/wulymammoth/.agents/skills/gsd-scan/SKILL.md,/Users/wulymammoth/.agents/skills/gsd-scan/SKILL.md,27,9491b31529dca0e05b5d729623504e5b6adecfe032d6920fb8041fe6eae86885
True,gsd-secure-phase,agents,Retire,Unused workflow,You report no recent GSD use. Keep available only if a future project explicitly chooses GSD; preserve its runtime and project history during initial deactivation.,/Users/wulymammoth/.agents/skills/gsd-secure-phase/SKILL.md,/Users/wulymammoth/.agents/skills/gsd-secure-phase/SKILL.md,36,d88c63c60af95267c1eb9b7b8917efe8f7d3b8a83d9bb5d985b8ab83d421c468
True,gsd-session-report,agents,Retire,Unused workflow,You report no recent GSD use. Keep available only if a future project explicitly chooses GSD; preserve its runtime and project history during initial deactivation.,/Users/wulymammoth/.agents/skills/gsd-session-report/SKILL.md,/Users/wulymammoth/.agents/skills/gsd-session-report/SKILL.md,20,fd93d749cf8c031174df3107c7a78f06aeba7508454a9eea2b71026bf7e73939
True,gsd-set-profile,agents,Retire,Unused workflow,You report no recent GSD use. Keep available only if a future project explicitly chooses GSD; preserve its runtime and project history during initial deactivation.,/Users/wulymammoth/.agents/skills/gsd-set-profile/SKILL.md,/Users/wulymammoth/.agents/skills/gsd-set-profile/SKILL.md,12,b3f26259c99479d7448cd0571922f0e08c453ac83b366c70f79b37865428b4d1
True,gsd-settings,agents,Retire,Unused workflow,You report no recent GSD use. Keep available only if a future project explicitly chooses GSD; preserve its runtime and project history during initial deactivation.,/Users/wulymammoth/.agents/skills/gsd-settings/SKILL.md,/Users/wulymammoth/.agents/skills/gsd-settings/SKILL.md,37,2916d6e68d3fb02956626713f311a4700e7c7ca17c2a6d5466ae848ad0ecae28
True,gsd-ship,agents,Retire,Unused workflow,You report no recent GSD use. Keep available only if a future project explicitly chooses GSD; preserve its runtime and project history during initial deactivation.,/Users/wulymammoth/.agents/skills/gsd-ship/SKILL.md,/Users/wulymammoth/.agents/skills/gsd-ship/SKILL.md,24,cf650fa1c582a8a9740a1638398385171c27ccd995480955ea3bc703d3f13135
True,gsd-stats,agents,Retire,Unused workflow,You report no recent GSD use. Keep available only if a future project explicitly chooses GSD; preserve its runtime and project history during initial deactivation.,/Users/wulymammoth/.agents/skills/gsd-stats/SKILL.md,/Users/wulymammoth/.agents/skills/gsd-stats/SKILL.md,19,69b7631e5ada9d6211a74da2e32aee3eb89e6342e516ab565d434a2c91bca001
True,gsd-thread,agents,Retire,Unused workflow,You report no recent GSD use. Keep available only if a future project explicitly chooses GSD; preserve its runtime and project history during initial deactivation.,/Users/wulymammoth/.agents/skills/gsd-thread/SKILL.md,/Users/wulymammoth/.agents/skills/gsd-thread/SKILL.md,228,868ee415d366a4c7f37ff617a2a9977bf0254ba388e2a5f0b078f9790b725762
True,gsd-ui-phase,agents,Retire,Unused workflow,You report no recent GSD use. Keep available only if a future project explicitly chooses GSD; preserve its runtime and project history during initial deactivation.,/Users/wulymammoth/.agents/skills/gsd-ui-phase/SKILL.md,/Users/wulymammoth/.agents/skills/gsd-ui-phase/SKILL.md,35,bc50837d86826cd77215f6e0cf974ba7cbe501c940d58d6b608740136f8f108c
True,gsd-ui-review,agents,Retire,Unused workflow,You report no recent GSD use. Keep available only if a future project explicitly chooses GSD; preserve its runtime and project history during initial deactivation.,/Users/wulymammoth/.agents/skills/gsd-ui-review/SKILL.md,/Users/wulymammoth/.agents/skills/gsd-ui-review/SKILL.md,33,32be49982c95830378df63334d454002206f169db183ec8d3f25ce7c647142ea
True,gsd-undo,agents,Retire,Unused workflow,You report no recent GSD use. Keep available only if a future project explicitly chooses GSD; preserve its runtime and project history during initial deactivation.,/Users/wulymammoth/.agents/skills/gsd-undo/SKILL.md,/Users/wulymammoth/.agents/skills/gsd-undo/SKILL.md,35,9093143874aeabc1b33520988f30783f54b212a82bce61663f949daaae3ed88a
True,gsd-update,agents,Retire,Unused workflow,You report no recent GSD use. Keep available only if a future project explicitly chooses GSD; preserve its runtime and project history during initial deactivation.,/Users/wulymammoth/.agents/skills/gsd-update/SKILL.md,/Users/wulymammoth/.agents/skills/gsd-update/SKILL.md,38,ecaf92cb16e9dacf08b39d9cbd9a0c06ba61262461fa5c064216caf139af2bad
True,gsd-validate-phase,agents,Retire,Unused workflow,You report no recent GSD use. Keep available only if a future project explicitly chooses GSD; preserve its runtime and project history during initial deactivation.,/Users/wulymammoth/.agents/skills/gsd-validate-phase/SKILL.md,/Users/wulymammoth/.agents/skills/gsd-validate-phase/SKILL.md,36,3036e43809c3ad5d202a1ace6b01bb10cdff6f6434668bcc78b6b0e4bb1241c9
True,gsd-verifier,agents,Retire,Unused workflow,You report no recent GSD use. Legacy 1.0.0 conversion duplicates the newer commands; upstream conversion describes itself as untested.,/Users/wulymammoth/.agents/skills/gsd/agents/verifier/SKILL.md,/Users/wulymammoth/.agents/skills/gsd/agents/verifier/SKILL.md,663,30253008be3666cd985282c3f30e21ad339f0cc1596b2403c7f0fca00e4641ba
True,gsd-verify-work,agents,Retire,Unused workflow,You report no recent GSD use. Keep available only if a future project explicitly chooses GSD; preserve its runtime and project history during initial deactivation.,/Users/wulymammoth/.agents/skills/gsd-verify-work/SKILL.md,/Users/wulymammoth/.agents/skills/gsd-verify-work/SKILL.md,39,011271df32c921e852f7ef140ceee13bd84b64a0e0329783eb078a18b8bb06f1
True,gsd-workstreams,agents,Retire,Unused workflow,You report no recent GSD use. Keep available only if a future project explicitly chooses GSD; preserve its runtime and project history during initial deactivation.,/Users/wulymammoth/.agents/skills/gsd-workstreams/SKILL.md,/Users/wulymammoth/.agents/skills/gsd-workstreams/SKILL.md,70,e60730d0a7249308de4397d237a8c1e0e2b488f1d29c7ccbf18d9c576498bcf6
True,gsd:add-phase,agents,Retire,Unused workflow,You report no recent GSD use. Legacy 1.0.0 conversion duplicates the newer commands; upstream conversion describes itself as untested.,/Users/wulymammoth/.agents/skills/gsd/commands/add-phase/SKILL.md,/Users/wulymammoth/.agents/skills/gsd/commands/add-phase/SKILL.md,26,fd943d38ac3ccb68c5e4500e0f2fc08d0d5f56d4b2b76b099737e330d9f60045
True,gsd:add-todo,agents,Retire,Unused workflow,You report no recent GSD use. Legacy 1.0.0 conversion duplicates the newer commands; upstream conversion describes itself as untested.,/Users/wulymammoth/.agents/skills/gsd/commands/add-todo/SKILL.md,/Users/wulymammoth/.agents/skills/gsd/commands/add-todo/SKILL.md,26,f4676f7be9a0ce0b2c481cf421476fcd438299a8c25b4c5e3b91c5cdf85fbb7d
True,gsd:audit-milestone,agents,Retire,Unused workflow,You report no recent GSD use. Legacy 1.0.0 conversion duplicates the newer commands; upstream conversion describes itself as untested.,/Users/wulymammoth/.agents/skills/gsd/commands/audit-milestone/SKILL.md,/Users/wulymammoth/.agents/skills/gsd/commands/audit-milestone/SKILL.md,27,96543112a874b19f789c22c6fbbcfaeaa76d4b20a7984f233e75c24a1ac068c7
True,gsd:check-todos,agents,Retire,Unused workflow,You report no recent GSD use. Legacy 1.0.0 conversion duplicates the newer commands; upstream conversion describes itself as untested.,/Users/wulymammoth/.agents/skills/gsd/commands/check-todos/SKILL.md,/Users/wulymammoth/.agents/skills/gsd/commands/check-todos/SKILL.md,26,891c7910e3000d10b782a5effa3fb9870684ffa5f913f0f93181760d600cb588
True,gsd:complete-checkpoint,agents,Retire,Unused workflow,You report no recent GSD use. Legacy 1.0.0 conversion duplicates the newer commands; upstream conversion describes itself as untested.,/Users/wulymammoth/.agents/skills/gsd/commands/complete-checkpoint/SKILL.md,/Users/wulymammoth/.agents/skills/gsd/commands/complete-checkpoint/SKILL.md,28,859c79e458b500cc53e216d67e60ff491d8ae310ca3b72c61fe3308f3a722b64
True,gsd:complete-milestone,agents,Retire,Unused workflow,You report no recent GSD use. Legacy 1.0.0 conversion duplicates the newer commands; upstream conversion describes itself as untested.,/Users/wulymammoth/.agents/skills/gsd/commands/complete-milestone/SKILL.md,/Users/wulymammoth/.agents/skills/gsd/commands/complete-milestone/SKILL.md,26,650a66ef1f35d943e5bc61bbd5dd50be1d2ee2f2af0ad61303e4e4b368bafab5
True,gsd:continue-phase,agents,Retire,Unused workflow,You report no recent GSD use. Legacy 1.0.0 conversion duplicates the newer commands; upstream conversion describes itself as untested.,/Users/wulymammoth/.agents/skills/gsd/commands/continue-phase/SKILL.md,/Users/wulymammoth/.agents/skills/gsd/commands/continue-phase/SKILL.md,28,3fe50bbff32170947cae96aba766a48f45768963d1f5f15ad06d8fc41fb18794
True,gsd:create-checkpoint,agents,Retire,Unused workflow,You report no recent GSD use. Legacy 1.0.0 conversion duplicates the newer commands; upstream conversion describes itself as untested.,/Users/wulymammoth/.agents/skills/gsd/commands/create-checkpoint/SKILL.md,/Users/wulymammoth/.agents/skills/gsd/commands/create-checkpoint/SKILL.md,30,11b59ee8124ecc6acc6471efa6b3944396f7507a782c5b35a3c23c52d1817e2f
True,gsd:debug,agents,Retire,Unused workflow,You report no recent GSD use. Legacy 1.0.0 conversion duplicates the newer commands; upstream conversion describes itself as untested.,/Users/wulymammoth/.agents/skills/gsd/commands/debug/SKILL.md,/Users/wulymammoth/.agents/skills/gsd/commands/debug/SKILL.md,42,4d9f79ab922349f87f2d33fa7eda3dab9bcbd3b88d7fc067f05846937ccbd991
True,gsd:discuss-phase,agents,Retire,Unused workflow,You report no recent GSD use. Legacy 1.0.0 conversion duplicates the newer commands; upstream conversion describes itself as untested.,/Users/wulymammoth/.agents/skills/gsd/commands/discuss-phase/SKILL.md,/Users/wulymammoth/.agents/skills/gsd/commands/discuss-phase/SKILL.md,28,9538e81b2c7fe3a902cb295f4f4035a7f3a8a89dada5faba58afdfee67a5ad2c
True,gsd:execute-phase,agents,Retire,Unused workflow,You report no recent GSD use. Legacy 1.0.0 conversion duplicates the newer commands; upstream conversion describes itself as untested.,/Users/wulymammoth/.agents/skills/gsd/commands/execute-phase/SKILL.md,/Users/wulymammoth/.agents/skills/gsd/commands/execute-phase/SKILL.md,48,2f955467b15ec672f8ca07d3b02beeb6b41503ecd111227e18d2dbbcf547fa47
True,gsd:help,agents,Retire,Unused workflow,You report no recent GSD use. Legacy 1.0.0 conversion duplicates the newer commands; upstream conversion describes itself as untested.,/Users/wulymammoth/.agents/skills/gsd/commands/help/SKILL.md,/Users/wulymammoth/.agents/skills/gsd/commands/help/SKILL.md,26,23f4c0ca568ae8844dd72d081477cc53ddf486bd391fd8120324aff971b00cf3
True,gsd:init-repo,agents,Retire,Unused workflow,You report no recent GSD use. Legacy 1.0.0 conversion duplicates the newer commands; upstream conversion describes itself as untested.,/Users/wulymammoth/.agents/skills/gsd/commands/init-repo/SKILL.md,/Users/wulymammoth/.agents/skills/gsd/commands/init-repo/SKILL.md,33,df07678554d8fa923d0b1cc70ba513036e73853df5fe3f703e0be5a0e467ab2b
True,gsd:insert-phase,agents,Retire,Unused workflow,You report no recent GSD use. Legacy 1.0.0 conversion duplicates the newer commands; upstream conversion describes itself as untested.,/Users/wulymammoth/.agents/skills/gsd/commands/insert-phase/SKILL.md,/Users/wulymammoth/.agents/skills/gsd/commands/insert-phase/SKILL.md,26,ff046344cb8254929d642088a9df3358569aa0fa697afa2c28bfba2ee472460d
True,gsd:integrate,agents,Retire,Unused workflow,You report no recent GSD use. Legacy 1.0.0 conversion duplicates the newer commands; upstream conversion describes itself as untested.,/Users/wulymammoth/.agents/skills/gsd/commands/integrate/SKILL.md,/Users/wulymammoth/.agents/skills/gsd/commands/integrate/SKILL.md,28,f028f4201afd80669e5c78938dd91b3ad893c0149177497a849c04d21d6e443b
True,gsd:list-phase-assumptions,agents,Retire,Unused workflow,You report no recent GSD use. Legacy 1.0.0 conversion duplicates the newer commands; upstream conversion describes itself as untested.,/Users/wulymammoth/.agents/skills/gsd/commands/list-phase-assumptions/SKILL.md,/Users/wulymammoth/.agents/skills/gsd/commands/list-phase-assumptions/SKILL.md,26,5f91b240cc0efd50bc5dab4f2dd9c131b9a6e78d0d750d3c56cfa4df21f4b43a
True,gsd:map-codebase,agents,Retire,Unused workflow,You report no recent GSD use. Legacy 1.0.0 conversion duplicates the newer commands; upstream conversion describes itself as untested.,/Users/wulymammoth/.agents/skills/gsd/commands/map-codebase/SKILL.md,/Users/wulymammoth/.agents/skills/gsd/commands/map-codebase/SKILL.md,37,24b1d5261db9c4eb80506b9eadad50b8c28d856adccc2d3e0e5182008621ce1e
True,gsd:new-milestone,agents,Retire,Unused workflow,You report no recent GSD use. Legacy 1.0.0 conversion duplicates the newer commands; upstream conversion describes itself as untested.,/Users/wulymammoth/.agents/skills/gsd/commands/new-milestone/SKILL.md,/Users/wulymammoth/.agents/skills/gsd/commands/new-milestone/SKILL.md,26,75f5e8ca6a7d3f7402fd1fd776817fc2431c757858a67a85becf3cdb4f004ddb
True,gsd:new-project,agents,Retire,Unused workflow,You report no recent GSD use. Legacy 1.0.0 conversion duplicates the newer commands; upstream conversion describes itself as untested.,/Users/wulymammoth/.agents/skills/gsd/commands/new-project/SKILL.md,/Users/wulymammoth/.agents/skills/gsd/commands/new-project/SKILL.md,274,71b7a3d5c399185a80c2e02bd0d1ab11a8831dd23cc0cc275b55b390c2c07270
True,gsd:pause-work,agents,Retire,Unused workflow,You report no recent GSD use. Legacy 1.0.0 conversion duplicates the newer commands; upstream conversion describes itself as untested.,/Users/wulymammoth/.agents/skills/gsd/commands/pause-work/SKILL.md,/Users/wulymammoth/.agents/skills/gsd/commands/pause-work/SKILL.md,26,73ad9e8c3f032b805c9b5c0e9911279f87dd9e6f44b9121541a6767c716f864f
True,gsd:plan-milestone-gaps,agents,Retire,Unused workflow,You report no recent GSD use. Legacy 1.0.0 conversion duplicates the newer commands; upstream conversion describes itself as untested.,/Users/wulymammoth/.agents/skills/gsd/commands/plan-milestone-gaps/SKILL.md,/Users/wulymammoth/.agents/skills/gsd/commands/plan-milestone-gaps/SKILL.md,26,1834b2a59de4638ed5f09db59849a0fc123cdb260c7dc85f9e6ddfb067eeab82
True,gsd:plan-phase,agents,Retire,Unused workflow,You report no recent GSD use. Legacy 1.0.0 conversion duplicates the newer commands; upstream conversion describes itself as untested.,/Users/wulymammoth/.agents/skills/gsd/commands/plan-phase/SKILL.md,/Users/wulymammoth/.agents/skills/gsd/commands/plan-phase/SKILL.md,39,cd94eaf17a5ca0e788bcf68b0b4a52a0f52301f0c4613b9eeb8d2f4c62250ec1
True,gsd:progress,agents,Retire,Unused workflow,You report no recent GSD use. Legacy 1.0.0 conversion duplicates the newer commands; upstream conversion describes itself as untested.,/Users/wulymammoth/.agents/skills/gsd/commands/progress/SKILL.md,/Users/wulymammoth/.agents/skills/gsd/commands/progress/SKILL.md,26,19da1128376059badd938b4a1aa6e45c7506bf850ab866867194529cf018b861
True,gsd:reference:checkpoints,agents,Retire,Unused workflow,You report no recent GSD use. Legacy 1.0.0 conversion duplicates the newer commands; upstream conversion describes itself as untested.,/Users/wulymammoth/.agents/skills/gsd/references/checkpoints/SKILL.md,/Users/wulymammoth/.agents/skills/gsd/references/checkpoints/SKILL.md,36,6824c8cd9668938a87e15f18e42ad24d8e81f2024231ad9f22f9487e69800fef
True,gsd:reference:continuation-format,agents,Retire,Unused workflow,You report no recent GSD use. Legacy 1.0.0 conversion duplicates the newer commands; upstream conversion describes itself as untested.,/Users/wulymammoth/.agents/skills/gsd/references/continuation-format/SKILL.md,/Users/wulymammoth/.agents/skills/gsd/references/continuation-format/SKILL.md,38,3420db80e4a641df4071d49d26838e2d78a5b89f953b6e192a29c16aa3c304d3
True,gsd:reference:git-integration,agents,Retire,Unused workflow,You report no recent GSD use. Legacy 1.0.0 conversion duplicates the newer commands; upstream conversion describes itself as untested.,/Users/wulymammoth/.agents/skills/gsd/references/git-integration/SKILL.md,/Users/wulymammoth/.agents/skills/gsd/references/git-integration/SKILL.md,35,367271b15ee535273f7fe933ff715707b96420214b1a5b7dd2c12bc5b504bd62
True,gsd:reference:questioning,agents,Retire,Unused workflow,You report no recent GSD use. Legacy 1.0.0 conversion duplicates the newer commands; upstream conversion describes itself as untested.,/Users/wulymammoth/.agents/skills/gsd/references/questioning/SKILL.md,/Users/wulymammoth/.agents/skills/gsd/references/questioning/SKILL.md,36,d28332ed052226a45bccb6da4470eeecd65fc1e22d53d6fee9de063df7c275e3
True,gsd:reference:tdd,agents,Retire,Unused workflow,You report no recent GSD use. Legacy 1.0.0 conversion duplicates the newer commands; upstream conversion describes itself as untested.,/Users/wulymammoth/.agents/skills/gsd/references/tdd/SKILL.md,/Users/wulymammoth/.agents/skills/gsd/references/tdd/SKILL.md,35,2fa0eb78a0ee96eb3baab9802dd07861e04367b7112cdbc9f5c99bb677fd513f
True,gsd:reference:ui-brand,agents,Retire,Unused workflow,You report no recent GSD use. Legacy 1.0.0 conversion duplicates the newer commands; upstream conversion describes itself as untested.,/Users/wulymammoth/.agents/skills/gsd/references/ui-brand/SKILL.md,/Users/wulymammoth/.agents/skills/gsd/references/ui-brand/SKILL.md,36,8462bd40bc79718b5a2d197af78fbb466594c4c846f0a20173c16902a2163461
True,gsd:reference:verification-patterns,agents,Retire,Unused workflow,You report no recent GSD use. Legacy 1.0.0 conversion duplicates the newer commands; upstream conversion describes itself as untested.,/Users/wulymammoth/.agents/skills/gsd/references/verification-patterns/SKILL.md,/Users/wulymammoth/.agents/skills/gsd/references/verification-patterns/SKILL.md,35,15105dd3e7e9b7f8c2a55a2c9f4a050e8e2ea1cbfdb57cfe778fcb1a14e38ba6
True,gsd:remove-phase,agents,Retire,Unused workflow,You report no recent GSD use. Legacy 1.0.0 conversion duplicates the newer commands; upstream conversion describes itself as untested.,/Users/wulymammoth/.agents/skills/gsd/commands/remove-phase/SKILL.md,/Users/wulymammoth/.agents/skills/gsd/commands/remove-phase/SKILL.md,26,99a487099247f4a65f4291ac086ef60d0ed4a8e75c1a9d2024c95610b5fd389c
True,gsd:research-phase,agents,Retire,Unused workflow,You report no recent GSD use. Legacy 1.0.0 conversion duplicates the newer commands; upstream conversion describes itself as untested.,/Users/wulymammoth/.agents/skills/gsd/commands/research-phase/SKILL.md,/Users/wulymammoth/.agents/skills/gsd/commands/research-phase/SKILL.md,28,06eef45f200b551e3c09936d57e2300135bdd3b4512c2f9ba8d85cab0ea2ba7b
True,gsd:research-project,agents,Retire,Unused workflow,You report no recent GSD use. Legacy 1.0.0 conversion duplicates the newer commands; upstream conversion describes itself as untested.,/Users/wulymammoth/.agents/skills/gsd/commands/research-project/SKILL.md,/Users/wulymammoth/.agents/skills/gsd/commands/research-project/SKILL.md,28,961e406b5b329cab15bf1d9fc43ce66b820594b4e41e43dedc4d6f4cb01c5826
True,gsd:resume-work,agents,Retire,Unused workflow,You report no recent GSD use. Legacy 1.0.0 conversion duplicates the newer commands; upstream conversion describes itself as untested.,/Users/wulymammoth/.agents/skills/gsd/commands/resume-work/SKILL.md,/Users/wulymammoth/.agents/skills/gsd/commands/resume-work/SKILL.md,26,afc91ec5ef2327dc0a76206245659a6df522f824b88d9a8cc68f2966c11a9006
True,gsd:review-plan,agents,Retire,Unused workflow,You report no recent GSD use. Legacy 1.0.0 conversion duplicates the newer commands; upstream conversion describes itself as untested.,/Users/wulymammoth/.agents/skills/gsd/commands/review-plan/SKILL.md,/Users/wulymammoth/.agents/skills/gsd/commands/review-plan/SKILL.md,28,edf89e1e093feecd82d15e5fc126dc5b52d82c9145e28d9edcca7f8ff05f16a8
True,gsd:roadmap,agents,Retire,Unused workflow,You report no recent GSD use. Legacy 1.0.0 conversion duplicates the newer commands; upstream conversion describes itself as untested.,/Users/wulymammoth/.agents/skills/gsd/commands/roadmap/SKILL.md,/Users/wulymammoth/.agents/skills/gsd/commands/roadmap/SKILL.md,33,32b4403ef341c1ea9e7d99c8c62c70ebeee22eefec7ab3cf40b214b1cbd0d264
True,gsd:synthesize,agents,Retire,Unused workflow,You report no recent GSD use. Legacy 1.0.0 conversion duplicates the newer commands; upstream conversion describes itself as untested.,/Users/wulymammoth/.agents/skills/gsd/commands/synthesize/SKILL.md,/Users/wulymammoth/.agents/skills/gsd/commands/synthesize/SKILL.md,28,aeeff864bc8e5059664ab8f12ef7b0bf800bd5d130e3773d27cb7ade7d42939b
True,gsd:update,agents,Retire,Unused workflow,You report no recent GSD use. Legacy 1.0.0 conversion duplicates the newer commands; upstream conversion describes itself as untested.,/Users/wulymammoth/.agents/skills/gsd/commands/update/SKILL.md,/Users/wulymammoth/.agents/skills/gsd/commands/update/SKILL.md,26,6a7a724284df72c911862186587ffdb175a4c974c014993ea860bfea7b306a7f
True,gsd:update-checkpoint,agents,Retire,Unused workflow,You report no recent GSD use. Legacy 1.0.0 conversion duplicates the newer commands; upstream conversion describes itself as untested.,/Users/wulymammoth/.agents/skills/gsd/commands/update-checkpoint/SKILL.md,/Users/wulymammoth/.agents/skills/gsd/commands/update-checkpoint/SKILL.md,28,5f4a30f318fbfb8c35df6a271907df7a0f85843dc641c5181928d0c522c055d8
True,gsd:verify-work,agents,Retire,Unused workflow,You report no recent GSD use. Legacy 1.0.0 conversion duplicates the newer commands; upstream conversion describes itself as untested.,/Users/wulymammoth/.agents/skills/gsd/commands/verify-work/SKILL.md,/Users/wulymammoth/.agents/skills/gsd/commands/verify-work/SKILL.md,40,7ade331850a44c8222f95be3099865e4beb311ec6fb4ef142c6af9602f999cd4
True,gsd:whats-new,agents,Retire,Unused workflow,You report no recent GSD use. Legacy 1.0.0 conversion duplicates the newer commands; upstream conversion describes itself as untested.,/Users/wulymammoth/.agents/skills/gsd/commands/whats-new/SKILL.md,/Users/wulymammoth/.agents/skills/gsd/commands/whats-new/SKILL.md,26,f5d86b49eb739ecb5b693d8b25a8685ed88554c6ad3a2bcfabb037091b575955
True,gsd:workflow:brownfield,agents,Retire,Unused workflow,You report no recent GSD use. Legacy 1.0.0 conversion duplicates the newer commands; upstream conversion describes itself as untested.,/Users/wulymammoth/.agents/skills/gsd/workflows/brownfield/SKILL.md,/Users/wulymammoth/.agents/skills/gsd/workflows/brownfield/SKILL.md,34,313d8590fd1c6191c89b71bc90cd1b0a743455944ca59fff744863723fea32ff
True,gsd:workflow:checkpoint,agents,Retire,Unused workflow,You report no recent GSD use. Legacy 1.0.0 conversion duplicates the newer commands; upstream conversion describes itself as untested.,/Users/wulymammoth/.agents/skills/gsd/workflows/checkpoint/SKILL.md,/Users/wulymammoth/.agents/skills/gsd/workflows/checkpoint/SKILL.md,35,4f19436dd8200d81fd589913444b1696394e023ca74f2db03e2e7baa93f7fbdd
True,gsd:workflow:complete-milestone,agents,Retire,Unused workflow,You report no recent GSD use. Legacy 1.0.0 conversion duplicates the newer commands; upstream conversion describes itself as untested.,/Users/wulymammoth/.agents/skills/gsd/workflows/complete-milestone/SKILL.md,/Users/wulymammoth/.agents/skills/gsd/workflows/complete-milestone/SKILL.md,27,9e31e32b24ff73cfffaaad7597b4cee2a06d87ba4f8681b0e02a8872acb5abe7
True,gsd:workflow:debug,agents,Retire,Unused workflow,You report no recent GSD use. Legacy 1.0.0 conversion duplicates the newer commands; upstream conversion describes itself as untested.,/Users/wulymammoth/.agents/skills/gsd/workflows/debug/SKILL.md,/Users/wulymammoth/.agents/skills/gsd/workflows/debug/SKILL.md,33,01fb3c347e868fff71bc9230b5a7c7b7439d26e6ceacccf41783d41eb7e5fe0b
True,gsd:workflow:diagnose-issues,agents,Retire,Unused workflow,You report no recent GSD use. Legacy 1.0.0 conversion duplicates the newer commands; upstream conversion describes itself as untested.,/Users/wulymammoth/.agents/skills/gsd/workflows/diagnose-issues/SKILL.md,/Users/wulymammoth/.agents/skills/gsd/workflows/diagnose-issues/SKILL.md,28,4e5e86089812fbbd60fefb02a3ed67e5cadcd2e69df17700b68ca57222ea324a
True,gsd:workflow:discovery-phase,agents,Retire,Unused workflow,You report no recent GSD use. Legacy 1.0.0 conversion duplicates the newer commands; upstream conversion describes itself as untested.,/Users/wulymammoth/.agents/skills/gsd/workflows/discovery-phase/SKILL.md,/Users/wulymammoth/.agents/skills/gsd/workflows/discovery-phase/SKILL.md,28,ab4d2fc5017676e0abd31e825030e1a1cf8962a31ee803e31c5ea35f79794092
True,gsd:workflow:discuss-phase,agents,Retire,Unused workflow,You report no recent GSD use. Legacy 1.0.0 conversion duplicates the newer commands; upstream conversion describes itself as untested.,/Users/wulymammoth/.agents/skills/gsd/workflows/discuss-phase/SKILL.md,/Users/wulymammoth/.agents/skills/gsd/workflows/discuss-phase/SKILL.md,28,6f9a2dea874e6e14af1718dfe5147b5f0d51e00e43fa96d5fab5a07b4b9e2b38
True,gsd:workflow:execute-phase,agents,Retire,Unused workflow,You report no recent GSD use. Legacy 1.0.0 conversion duplicates the newer commands; upstream conversion describes itself as untested.,/Users/wulymammoth/.agents/skills/gsd/workflows/execute-phase/SKILL.md,/Users/wulymammoth/.agents/skills/gsd/workflows/execute-phase/SKILL.md,36,3d8fdf37cc4eb7a5044a215f6ecf56f225d279a702390a11dab1bd80ddba02a2
True,gsd:workflow:execute-plan,agents,Retire,Unused workflow,You report no recent GSD use. Legacy 1.0.0 conversion duplicates the newer commands; upstream conversion describes itself as untested.,/Users/wulymammoth/.agents/skills/gsd/workflows/execute-plan/SKILL.md,/Users/wulymammoth/.agents/skills/gsd/workflows/execute-plan/SKILL.md,27,69fba7d36b2fae6664422b70974675ead9bd4a25c8a4bb7f46b0208f580738e4
True,gsd:workflow:list-phase-assumptions,agents,Retire,Unused workflow,You report no recent GSD use. Legacy 1.0.0 conversion duplicates the newer commands; upstream conversion describes itself as untested.,/Users/wulymammoth/.agents/skills/gsd/workflows/list-phase-assumptions/SKILL.md,/Users/wulymammoth/.agents/skills/gsd/workflows/list-phase-assumptions/SKILL.md,28,2a227749f5e00c2b505c1d6a8814a8272943f26fdfee713d931718dde5cff0e2
True,gsd:workflow:new-project,agents,Retire,Unused workflow,You report no recent GSD use. Legacy 1.0.0 conversion duplicates the newer commands; upstream conversion describes itself as untested.,/Users/wulymammoth/.agents/skills/gsd/workflows/new-project/SKILL.md,/Users/wulymammoth/.agents/skills/gsd/workflows/new-project/SKILL.md,33,ce8adbe5cf69974aee80882af986de2d1cb8dce4626b564bf20c1d35a4acf82e
True,gsd:workflow:research,agents,Retire,Unused workflow,You report no recent GSD use. Legacy 1.0.0 conversion duplicates the newer commands; upstream conversion describes itself as untested.,/Users/wulymammoth/.agents/skills/gsd/workflows/research/SKILL.md,/Users/wulymammoth/.agents/skills/gsd/workflows/research/SKILL.md,35,ee1661298e0ca27fa0d58019f98ae2943358c367f3b060441d1c602ca5b418f6
True,gsd:workflow:resume-project,agents,Retire,Unused workflow,You report no recent GSD use. Legacy 1.0.0 conversion duplicates the newer commands; upstream conversion describes itself as untested.,/Users/wulymammoth/.agents/skills/gsd/workflows/resume-project/SKILL.md,/Users/wulymammoth/.agents/skills/gsd/workflows/resume-project/SKILL.md,28,c43efce53d13db5354433eda9002770d9abb5b859b751b8becfcd0401de47c08
True,gsd:workflow:transition,agents,Retire,Unused workflow,You report no recent GSD use. Legacy 1.0.0 conversion duplicates the newer commands; upstream conversion describes itself as untested.,/Users/wulymammoth/.agents/skills/gsd/workflows/transition/SKILL.md,/Users/wulymammoth/.agents/skills/gsd/workflows/transition/SKILL.md,28,9659a8e8bda7221c11f813efe27c17a36a24cb9665a8619a289905d94da4260e
True,gsd:workflow:verify-phase,agents,Retire,Unused workflow,You report no recent GSD use. Legacy 1.0.0 conversion duplicates the newer commands; upstream conversion describes itself as untested.,/Users/wulymammoth/.agents/skills/gsd/workflows/verify-phase/SKILL.md,/Users/wulymammoth/.agents/skills/gsd/workflows/verify-phase/SKILL.md,28,61f04810aaf820e7e8e124f726a9b0e0c3cb27ac68c942b3fbd2b460b9901dc9
True,gsd:workflow:verify-work,agents,Retire,Unused workflow,You report no recent GSD use. Legacy 1.0.0 conversion duplicates the newer commands; upstream conversion describes itself as untested.,/Users/wulymammoth/.agents/skills/gsd/workflows/verify-work/SKILL.md,/Users/wulymammoth/.agents/skills/gsd/workflows/verify-work/SKILL.md,28,47ed23d044ab2a12daf19cdf87f146ce958615e725249fe4a49025b5e15f488c
True,improve-codebase-architecture,agents,Revise,Specialist,Useful deep-module analysis and visual before/after proposals. Keep repository terminology and documentation conventions instead of mandating a new glossary vocabulary or document layout.,/Users/wulymammoth/.agents/skills/improve-codebase-architecture/SKILL.md,/Users/wulymammoth/.agents/skills/improve-codebase-architecture/SKILL.md,81,f00de04c7bb83cfd0ed1f97f3401a83838212c30856912ee44ba406649e6c749
True,ios-design-guidelines,agents,Revise,Specialist,"Useful iPhone design reference, but 1,083 lines mix platform guidance with rigid product choices (for example, max-three-page onboarding and always showing a permission pre-screen). Separate actual requirements from preferences and use current Apple sources.",/Users/wulymammoth/.agents/skills/ios-design-guidelines/SKILL.md,/Users/wulymammoth/.agents/skills/ios-design-guidelines/SKILL.md,1083,76260eaca00b70d0f5fda733dc83b5ae6c8e8b845abdca3ac363f8683823c53c
True,mobile-ios-design,agents,Consolidate,Specialist,Mostly generic SwiftUI/HIG examples that overlap ios-design-guidelines. Merge useful examples into one focused native design reference; keep platform version assumptions explicit.,/Users/wulymammoth/.agents/skills/mobile-ios-design/SKILL.md,/Users/wulymammoth/.agents/skills/mobile-ios-design/SKILL.md,259,2b3b2405aee645a345d137ce93bd86bac65d33da4ad40c4b6f007bf4a51b6c96
True,mom-test,agents,Keep,Specialist,"Useful for evidence-led product discovery: past behavior, non-leading interviews, and separating compliments from commitment. Scope outreach to explicit user authorization.",/Users/wulymammoth/.agents/skills/mom-test/SKILL.md,/Users/wulymammoth/.agents/skills/mom-test/SKILL.md,245,bc234a7c94bd8e1fa159ca4a0b81bc66bf5c9e5d261d1bec64505b5ae7355224
True,performance,agents,Revise,Specialist,"Keep loading/runtime optimization. Remove the retired Lighthouse TTI target, treat budgets as project-specific, and avoid loading the overlapping CWV guide without need.",/Users/wulymammoth/.agents/skills/performance/SKILL.md,/Users/wulymammoth/.agents/skills/performance/SKILL.md,361,4a480aded5001c237d9503ec3c6c6c6d5cc38bb7935912bb1c2bb9c3ee637350
True,postiz,agents,Revise,Specialist,"Social scheduling remains useful, but this 798-line CLI-centric guide mismatches available direct Postiz MCP tools. CLI is absent from PATH; authentication was not tested. Restore the missing COMMAND_LINE_GUIDE.md or remove its link; remove unrelated paid-media recommendations.",/Users/wulymammoth/.agents/skills/postiz/SKILL.md,/Users/wulymammoth/.agents/skills/postiz/SKILL.md,798,492f93fa3c4f11acd36efe4518a45be76a5d4578bd1c728b5a225e15dd8cd167
True,postiz,agents,Retire,Duplicate,Exact duplicate of the top-level Postiz SKILL.md. Disable nested discovery; keep one corrected entry and required package resources.,/Users/wulymammoth/.agents/skills/postiz/skills/postiz/SKILL.md,/Users/wulymammoth/.agents/skills/postiz/skills/postiz/SKILL.md,798,492f93fa3c4f11acd36efe4518a45be76a5d4578bd1c728b5a225e15dd8cd167
True,repomix-explorer,agents,Revise,Specialist,Useful for broad or remote repository exploration; Repomix 1.18.0 is installed. Prefer the installed/pinned CLI over npx @latest and review packed output rather than trusting secret scanning as a guarantee.,/Users/wulymammoth/.agents/skills/repomix-explorer/SKILL.md,/Users/wulymammoth/.agents/skills/repomix-explorer/SKILL.md,314,80834b0f1b0a66de9ea852480b3d6571b2020100990328c3a025212ed1fd6e03
True,seo,agents,Revise,Specialist,"Keep crawlability, indexing, canonical, and structured-data checks. Remove unsupported ranking-factor percentages and rigid title/description lengths presented as universal rules.",/Users/wulymammoth/.agents/skills/seo/SKILL.md,/Users/wulymammoth/.agents/skills/seo/SKILL.md,513,f3e546112a3168515486c533d13156a1d4dcd9402f3d116730cef573a20e2804
True,using-superpowers,agents,Retire,Duplicate,"Standalone upstream copy overlaps the maintained plugin, differs in content, and incorrectly claims skill priority over system behavior. Keep superpowers:using-superpowers instead.",/Users/wulymammoth/.agents/skills/using-superpowers/SKILL.md,/Users/wulymammoth/.agents/skills/using-superpowers/SKILL.md,117,316e29381219adf0cac62190c67aeabf427d6e6e5f2735541d502b3d339be7aa
True,web-quality-audit,agents,Revise,Specialist,Keep as a small router to focused web reviews. Remove unsupported issue-distribution percentages and universal deployment/weekly checklists; fix linked guidance before trusting the aggregate audit.,/Users/wulymammoth/.agents/skills/web-quality-audit/SKILL.md,/Users/wulymammoth/.agents/skills/web-quality-audit/SKILL.md,170,aaada64b636b867d737dfd488fd947a7ca5c280983caf3b96b8915e08ad7ef01
True,ctx,codex-local,Keep,Core,Keep one Codex discovery entry for historical forensics. Installed CLI is 1.3.1. Your narrower historical-lookup policy governs its broad working-memory trigger; no index-health claim was tested here.,/Users/wulymammoth/.codex/skills/ctx/SKILL.md,/Users/wulymammoth/.codex/skills/ctx/SKILL.md,252,7f9b77506ef0149db93773f6ca0dd7bda64c25ff87e04afcd28e5d38b928a1e8
True,expo-mobile-release-discipline,codex-local,Keep,Core,"Separates backend, JavaScript update, native build, and store metadata changes. Prevents unnecessary cloud builds and weak release evidence.",/Users/wulymammoth/.codex/skills/expo-mobile-release-discipline/SKILL.md,/Users/wulymammoth/.codex/skills/expo-mobile-release-discipline/SKILL.md,64,eaef2e3ad0a111d5462052fd8710c3da08eb77f0f14f81a302200e02a46c10e5
True,expo-react-native-runtime-debugging,codex-local,Keep,Core,"High-value custom guidance for reproducing the exact installed client boundary, preserving native semantics in tests, and reporting the strongest runtime proof.",/Users/wulymammoth/.codex/skills/expo-react-native-runtime-debugging/SKILL.md,/Users/wulymammoth/.codex/skills/expo-react-native-runtime-debugging/SKILL.md,61,2de25f7945efc23a03ef848cc994cf16f090d6b5a36939695706b318bf65eca7
True,imagegen,codex-local,Keep,Core,Adds actual raster generation/editing capability for mockups and assets. The built-in image tool is available; an API key is not required for that route.,/Users/wulymammoth/.codex/skills/.system/imagegen/SKILL.md,/Users/wulymammoth/.codex/skills/.system/imagegen/SKILL.md,315,681ddb4ad6d06a2acc78a3535b583f8d0c1ea800ecda3d56370d3310fd2cd4ba
True,ios-ui-regression-guard,codex-local,Keep,Core,Selects behavior and visual regression coverage for native UI. Distinct from release routing and runtime diagnosis; retain the repository-selected test stack.,/Users/wulymammoth/.codex/skills/ios-ui-regression-guard/SKILL.md,/Users/wulymammoth/.codex/skills/ios-ui-regression-guard/SKILL.md,90,6f945879745819db20b7171d757235c04721a98732600ed5ae63d01808995506
True,openai-docs,codex-local,Keep,Managed,Useful current official guidance for Codex and OpenAI; retain as a bundled utility.,/Users/wulymammoth/.codex/skills/.system/openai-docs/SKILL.md,/Users/wulymammoth/.codex/skills/.system/openai-docs/SKILL.md,38,7cb8fa1b2a0c635b5c61ffe1da7b8594a7ea0fce5b71e8d523e2025d88b2a05e
True,plugin-creator,codex-local,Keep,Managed,"Useful when maintaining your own plugins, including future packaging work. Separate creation from activation/publication.",/Users/wulymammoth/.codex/skills/.system/plugin-creator/SKILL.md,/Users/wulymammoth/.codex/skills/.system/plugin-creator/SKILL.md,249,71b95b8219644f95d633721e7f7cd3c469edfc8fe50f8415d400dfb2d74bc7b9
True,skill-creator,codex-local,Keep,Managed,"Preferred authoring guidance for concise, scoped skills and supporting resources; appropriate for any later cleanup.",/Users/wulymammoth/.codex/skills/.system/skill-creator/SKILL.md,/Users/wulymammoth/.codex/skills/.system/skill-creator/SKILL.md,229,6656e54755638e8efcf275a472b9672eaa8a9a1b9e59dc210e275b03b59e1e66
True,skill-installer,codex-local,Keep,Managed,"Distinct installation capability. Use for requested installs, not speculative additions during an audit.",/Users/wulymammoth/.codex/skills/.system/skill-installer/SKILL.md,/Users/wulymammoth/.codex/skills/.system/skill-installer/SKILL.md,58,d68b77e5bbb34dedab89d134da52855f140fc4b4299b80104f534e3b9e98f8ee
True,vercel-deploy,codex-local,Retire,None,Retire this claimable uploader from active discovery. Its archive includes .env files and gitignored content and can rename the input HTML file. Use the existing project deployment path and available Vercel tools.,/Users/wulymammoth/.codex/skills/vercel-deploy/SKILL.md,/Users/wulymammoth/.codex/skills/vercel-deploy/SKILL.md,115,74017e897075e122c8017edab88a1a1a9619e78ae0d55f8e77cea8a28eda86fa
True,deep-research,codex-plugin:deep-research-work,Keep,Specialist,"Useful for explicitly requested deep research; its trigger excludes ordinary quick research, reducing unnecessary overhead.",/Users/wulymammoth/.codex/plugins/cache/openai-curated-remote/deep-research-work/0.1.14/skills/deep-research/SKILL.md,/Users/wulymammoth/.codex/plugins/cache/openai-curated-remote/deep-research-work/0.1.14/skills/deep-research/SKILL.md,183,c7b924a736d715bf90941c5e75460b3387ec90b1fdb3a7c79d3e9bfb10427dc6
True,documents,codex-plugin:documents,Keep,Managed,"DOCX authoring, editing, and render verification offer concrete capability. Keep the managed artifact runtime.",/Users/wulymammoth/.codex/plugins/cache/openai-primary-runtime/documents/26.904.11930/skills/documents/SKILL.md,/Users/wulymammoth/.codex/plugins/cache/openai-primary-runtime/documents/26.904.11930/skills/documents/SKILL.md,540,3154ace095b79bace582d7dc53c7744a40f835fe762726220708bde2360749aa
True,frontend-design,codex-plugin:frontend-design,Keep,Core,Adds visual craft and intentional typography. Use within the chosen brief and approved design system; it does not supersede a Design Lock.,/Users/wulymammoth/.codex/plugins/cache/claude-plugins-official/frontend-design/local/skills/frontend-design/SKILL.md,/Users/wulymammoth/.codex/plugins/cache/claude-plugins-official/frontend-design/local/skills/frontend-design/SKILL.md,71,d91970639e9f5c37682ac7ab60094d35f1c7c1f38d731bd56396563aee10c1d3
True,google-docs,codex-plugin:google-drive,Keep,Managed,"Useful native Google Docs editing, structural preservation, and template-aware routing. Not a duplicate of local DOCX creation.",/Users/wulymammoth/.codex/plugins/cache/openai-curated-remote/google-drive/0.1.16/skills/google-docs/SKILL.md,/Users/wulymammoth/.codex/plugins/cache/openai-curated-remote/google-drive/0.1.16/skills/google-docs/SKILL.md,209,8e5c26053d800e2980b74ab82c2ce95db94a17fbb443f8f6e30baeb442f1d464
True,google-drive,codex-plugin:google-drive,Revise,Managed,Keep file discovery and lifecycle routing. Its blanket DOCX-first rule for new Docs conflicts with the newer google-docs template/native-copy exception; align router wording with the specialized skill.,/Users/wulymammoth/.codex/plugins/cache/openai-curated-remote/google-drive/0.1.16/skills/google-drive/SKILL.md,/Users/wulymammoth/.codex/plugins/cache/openai-curated-remote/google-drive/0.1.16/skills/google-drive/SKILL.md,58,dabae8a192c861b76cf7b5742bdf14f8ed35e67d8e6cacfd5f746ffbefd6da5c
True,google-drive-comments,codex-plugin:google-drive,Keep,Managed,Adds evidence-grounded comment handling across Drive file types. Sending comments still requires user authorization.,/Users/wulymammoth/.codex/plugins/cache/openai-curated-remote/google-drive/0.1.16/skills/google-drive-comments/SKILL.md,/Users/wulymammoth/.codex/plugins/cache/openai-curated-remote/google-drive/0.1.16/skills/google-drive-comments/SKILL.md,46,a3077375a8f7558b9e052c98047747b8a4a1a90a9a90b552009c28fcdadfe94a
True,google-sheets,codex-plugin:google-drive,Keep,Managed,"Useful connected range-level operations and native import, distinct from standalone workbook authoring.",/Users/wulymammoth/.codex/plugins/cache/openai-curated-remote/google-drive/0.1.16/skills/google-sheets/SKILL.md,/Users/wulymammoth/.codex/plugins/cache/openai-curated-remote/google-drive/0.1.16/skills/google-sheets/SKILL.md,124,54d160c27532e4ff610e9c5a7870fb80dc496b2d1d3f302996c21c505419c862
True,google-slides,codex-plugin:google-drive,Keep,Managed,"Useful native template/source handling and Google Slides routing, distinct from local deck rendering.",/Users/wulymammoth/.codex/plugins/cache/openai-curated-remote/google-drive/0.1.16/skills/google-slides/SKILL.md,/Users/wulymammoth/.codex/plugins/cache/openai-curated-remote/google-drive/0.1.16/skills/google-slides/SKILL.md,183,fd14974d7c4ea9ff134bcc21cd32b2b1d61eeaa77c6dc757075b07eef6bedbdb
True,pdf,codex-plugin:pdf,Keep,Managed,"PDF extraction, forms, and visual verification offer concrete capability; not redundant with Word document authoring.",/Users/wulymammoth/.codex/plugins/cache/openai-primary-runtime/pdf/26.904.11930/skills/pdf/SKILL.md,/Users/wulymammoth/.codex/plugins/cache/openai-primary-runtime/pdf/26.904.11930/skills/pdf/SKILL.md,150,afc4472ec4d625f703e9f414fe6814ce3cfa0ec51c7a07887fe587264c8b561e
True,plugin-management,codex-plugin:plugin-management,Keep,Managed,Useful for permission/dependency inspection and managing actual integrations; distinct from text-skill discovery.,/Users/wulymammoth/.codex/plugins/cache/openai-curated-remote/plugin-management/0.1.0/skills/plugin-management/SKILL.md,/Users/wulymammoth/.codex/plugins/cache/openai-curated-remote/plugin-management/0.1.0/skills/plugin-management/SKILL.md,58,653841cc21205269f08b0ce135891e1518dac616a766bcfb0b57d788d3f68b10
True,Presentations,codex-plugin:presentations,Keep,Managed,Presentation authoring and template fidelity are specialized capabilities. Keep on demand.,/Users/wulymammoth/.codex/plugins/cache/openai-primary-runtime/presentations/26.904.11930/skills/presentations/SKILL.md,/Users/wulymammoth/.codex/plugins/cache/openai-primary-runtime/presentations/26.904.11930/skills/presentations/SKILL.md,232,fd3703aa1f91d386b94806a3a4061f77cdd3ea830fddfb7297243c5c9e53a5a8
True,sites-building,codex-plugin:sites,Keep,Specialist,Useful for selected Sites projects. Your four inspected repositories have no .openai/hosting.json; do not substitute this for their established app workflows or the Visual Companion.,/Users/wulymammoth/.codex/plugins/cache/openai-bundled/sites/0.1.57/skills/sites-building/SKILL.md,/Users/wulymammoth/.codex/plugins/cache/openai-bundled/sites/0.1.57/skills/sites-building/SKILL.md,233,7d69bd668238b0344c5470876ed324b78dfe6ed053487edf4f3233345479842f
True,sites-hosting,codex-plugin:sites,Keep,Specialist,Useful deployment path for actual Sites projects. Keep paired with sites-building; building or reviewing does not by itself authorize publication under your policy.,/Users/wulymammoth/.codex/plugins/cache/openai-bundled/sites/0.1.57/skills/sites-hosting/SKILL.md,/Users/wulymammoth/.codex/plugins/cache/openai-bundled/sites/0.1.57/skills/sites-hosting/SKILL.md,51,a94792641384391d45edb3a45e30cd7c3db58d88c63d94e0b2111ffc485aaf72
True,Spreadsheets,codex-plugin:spreadsheets,Keep,Managed,"Workbook formulas, formatting, and verification are specialized capabilities. Keep on demand.",/Users/wulymammoth/.codex/plugins/cache/openai-primary-runtime/spreadsheets/26.904.11930/skills/spreadsheets/SKILL.md,/Users/wulymammoth/.codex/plugins/cache/openai-primary-runtime/spreadsheets/26.904.11930/skills/spreadsheets/SKILL.md,218,655af692c745b9aab2fb06b8843b27de0099e9acebf28d67f3916d624c4a0f97
True,excel-live-control,codex-plugin:spreadsheets,Keep,Managed,Distinct from file authoring: operates a registered live Excel workbook. Useful only when the add-in/session route is selected; no live workbook connection was tested.,/Users/wulymammoth/.codex/plugins/cache/openai-primary-runtime/spreadsheets/26.904.11930/skills/excel-live-control/SKILL.md,/Users/wulymammoth/.codex/plugins/cache/openai-primary-runtime/spreadsheets/26.904.11930/skills/excel-live-control/SKILL.md,294,8eaf019809f570fba2592052522251ff2b5c9b0d3ca7eca9bbf1fe5a6f82c84b
True,brainstorming,codex-plugin:superpowers,Keep,Core,Owns the Visual Companion and approved PNG Design Lock. Preserve the full workflow and its supporting server assets; retain your existing authorization across its steps.,/Users/wulymammoth/.codex/plugins/cache/superpowers-dev/superpowers/6.3.0/skills/brainstorming/SKILL.md,/Users/wulymammoth/.codex/plugins/cache/superpowers-dev/superpowers/6.3.0/skills/brainstorming/SKILL.md,294,065147fe95bd1160fd3791be4cd901d3b1b6d7f872a02b961f9a040eefcb5225
True,dispatching-parallel-agents,codex-plugin:superpowers,Keep,Specialist,Useful for explicitly selected independent agent work. Not a reason to add delegation to every ordinary task.,/Users/wulymammoth/.codex/plugins/cache/superpowers-dev/superpowers/6.3.0/skills/dispatching-parallel-agents/SKILL.md,/Users/wulymammoth/.codex/plugins/cache/superpowers-dev/superpowers/6.3.0/skills/dispatching-parallel-agents/SKILL.md,167,1968923066f3b707eb01d1992cdf4c42284c3855f70253b9cd5000ff45fca13c
True,executing-plans,codex-plugin:superpowers,Keep,Specialist,Useful when resuming an approved written plan. Retain as part of the coherent Superpowers package.,/Users/wulymammoth/.codex/plugins/cache/superpowers-dev/superpowers/6.3.0/skills/executing-plans/SKILL.md,/Users/wulymammoth/.codex/plugins/cache/superpowers-dev/superpowers/6.3.0/skills/executing-plans/SKILL.md,64,c4c3d8b628c51114cd165fb8246fe02744cd8be180032328391252e653028d9b
True,finishing-a-development-branch,codex-plugin:superpowers,Revise,Core,"Keep delivery guidance; align it with your persistent commit/push/PR approvals, explicit merge approval, and ownership-aware cleanup. A worktree directory name alone does not establish cleanup authority.",/Users/wulymammoth/.codex/plugins/cache/superpowers-dev/superpowers/6.3.0/skills/finishing-a-development-branch/SKILL.md,/Users/wulymammoth/.codex/plugins/cache/superpowers-dev/superpowers/6.3.0/skills/finishing-a-development-branch/SKILL.md,225,8db5a922b242dd4e1bf824cb91c13b3e8d8e8a86d6ceaf7f0774eb9cce909d65
True,receiving-code-review,codex-plugin:superpowers,Revise,Core,Keep its evidence-led review discipline; replace its hardcoded gh comment reply instruction with your GitHub MCP-first policy.,/Users/wulymammoth/.codex/plugins/cache/superpowers-dev/superpowers/6.3.0/skills/receiving-code-review/SKILL.md,/Users/wulymammoth/.codex/plugins/cache/superpowers-dev/superpowers/6.3.0/skills/receiving-code-review/SKILL.md,205,091df1629510af1b92fc4abd6f96732ebedb4cb2c0f3457e8f2740b0504a2438
True,requesting-code-review,codex-plugin:superpowers,Keep,Core,Useful review handoff with a named base and result. A review request does not grant permission to post to GitHub.,/Users/wulymammoth/.codex/plugins/cache/superpowers-dev/superpowers/6.3.0/skills/requesting-code-review/SKILL.md,/Users/wulymammoth/.codex/plugins/cache/superpowers-dev/superpowers/6.3.0/skills/requesting-code-review/SKILL.md,95,d71cc01ba56d2325cf8af5f7c11837819b63ecd57de0bfdb812f7f3ff7751df8
True,subagent-driven-development,codex-plugin:superpowers,Keep,Specialist,Useful for approved multi-task execution. The installed version preserves Design Lock precedence; keep runtime tool adapters current.,/Users/wulymammoth/.codex/plugins/cache/superpowers-dev/superpowers/6.3.0/skills/subagent-driven-development/SKILL.md,/Users/wulymammoth/.codex/plugins/cache/superpowers-dev/superpowers/6.3.0/skills/subagent-driven-development/SKILL.md,578,e6be8a8736d469004b38d18ad2719cefcbef7a76c1d3b3ece0588050613c3b8d
True,systematic-debugging,codex-plugin:superpowers,Keep,Core,Useful root-cause procedure; complements installed-app debugging rather than replacing it.,/Users/wulymammoth/.codex/plugins/cache/superpowers-dev/superpowers/6.3.0/skills/systematic-debugging/SKILL.md,/Users/wulymammoth/.codex/plugins/cache/superpowers-dev/superpowers/6.3.0/skills/systematic-debugging/SKILL.md,283,808fc5717aa88ad65efff312b11c186294d3e6ee301afb584e2f86599b137787
True,test-driven-development,codex-plugin:superpowers,Keep,Core,Useful for behavior changes. Apply your practical TDD policy and proportional verification to mechanical edits.,/Users/wulymammoth/.codex/plugins/cache/superpowers-dev/superpowers/6.3.0/skills/test-driven-development/SKILL.md,/Users/wulymammoth/.codex/plugins/cache/superpowers-dev/superpowers/6.3.0/skills/test-driven-development/SKILL.md,320,bf1b8216e523851a411e91d429a7c1c2a173e79d88957bc78e348218d50edd54
True,using-git-worktrees,codex-plugin:superpowers,Revise,Core,Retain as fallback. Repository lifecycle tooling and the physical startup checkout must govern; generic create-and-cd instructions must not authorize cross-root implementation.,/Users/wulymammoth/.codex/plugins/cache/superpowers-dev/superpowers/6.3.0/skills/using-git-worktrees/SKILL.md,/Users/wulymammoth/.codex/plugins/cache/superpowers-dev/superpowers/6.3.0/skills/using-git-worktrees/SKILL.md,167,8cfb86f121269e8f7f12361e6795c4f6738828340e28964c9229d365666c9edd
True,using-superpowers,codex-plugin:superpowers,Revise,Core,Keep the plugin entry point. Narrow the 1% activation rule and correct the Codex reference that says full-history forks accept model overrides; current session tool instructions forbid that combination.,/Users/wulymammoth/.codex/plugins/cache/superpowers-dev/superpowers/6.3.0/skills/using-superpowers/SKILL.md,/Users/wulymammoth/.codex/plugins/cache/superpowers-dev/superpowers/6.3.0/skills/using-superpowers/SKILL.md,63,30f2ab78e20ddc27ee7158ae8d4a2abe161c360981c7cc3548070913142d3dc3
True,verification-before-completion,codex-plugin:superpowers,Keep,Core,Requires fresh evidence and preserves screenshot comparison plus human acceptance for Design Lock work.,/Users/wulymammoth/.codex/plugins/cache/superpowers-dev/superpowers/6.3.0/skills/verification-before-completion/SKILL.md,/Users/wulymammoth/.codex/plugins/cache/superpowers-dev/superpowers/6.3.0/skills/verification-before-completion/SKILL.md,137,4bf221717fac011f091caa85bf752776f9c82e39e87c5f496f99d66b3b15654e
True,writing-plans,codex-plugin:superpowers,Keep,Core,"Carries approved screenshots, file allowlists, and visual acceptance into implementation. Essential companion to visual brainstorming.",/Users/wulymammoth/.codex/plugins/cache/superpowers-dev/superpowers/6.3.0/skills/writing-plans/SKILL.md,/Users/wulymammoth/.codex/plugins/cache/superpowers-dev/superpowers/6.3.0/skills/writing-plans/SKILL.md,225,83a38d981ded61986b7752e64217cd051bb7010cea695ee8173531b06ab7815e
True,writing-skills,codex-plugin:superpowers,Keep,Specialist,Useful for complex behavioral evaluations of your fork. Use the bundled skill-creator for ordinary skill edits; do not turn every small edit into a large evaluation project.,/Users/wulymammoth/.codex/plugins/cache/superpowers-dev/superpowers/6.3.0/skills/writing-skills/SKILL.md,/Users/wulymammoth/.codex/plugins/cache/superpowers-dev/superpowers/6.3.0/skills/writing-skills/SKILL.md,679,d34db5c8aed6a4e0440132bd0613aace70a693ec7819d5637ad77481d8e10d1b
True,template-creator,codex-plugin:template-creator,Keep,Specialist,Useful when explicitly saving reusable artifact templates; not needed for one-off outputs. Preserve as an optional capability.,/Users/wulymammoth/.codex/plugins/cache/openai-primary-runtime/template-creator/26.904.11930/skills/template-creator/SKILL.md,/Users/wulymammoth/.codex/plugins/cache/openai-primary-runtime/template-creator/26.904.11930/skills/template-creator/SKILL.md,206,f1d14fd2847a2e879611a8b8f872f5dc4676a0607958d015274d2dc61e812deb
True,visualize,codex-plugin:visualize,Keep,Specialist,Useful for inline explanations and interactive comparisons. Complements the persistent browser review and acceptance workflow in Visual Companion.,/Users/wulymammoth/.codex/plugins/cache/openai-bundled/visualize/1.0.29/skills/visualize/SKILL.md,/Users/wulymammoth/.codex/plugins/cache/openai-bundled/visualize/1.0.29/skills/visualize/SKILL.md,514,be82c4e573ffe2fc0921a10f49eb690ce6f7c8a06acffb2789600be677720d05
False,brainstorming,archived-superpowers,Leave dormant,Archive,Retained older Superpowers archive; not the active 6.3.0 plugin. Broken legacy symlink does not make this active.,/Users/wulymammoth/.codex/superpowers/skills.archived-skill-budget-20260626/brainstorming/SKILL.md,/Users/wulymammoth/.codex/superpowers/skills.archived-skill-budget-20260626/brainstorming/SKILL.md,164,58353e42ac33396a4b3cc62e69df35f3d3f1d18e60877bf39d492c77dc6a928d
False,dispatching-parallel-agents,archived-superpowers,Leave dormant,Archive,Retained older Superpowers archive; not the active 6.3.0 plugin. Broken legacy symlink does not make this active.,/Users/wulymammoth/.codex/superpowers/skills.archived-skill-budget-20260626/dispatching-parallel-agents/SKILL.md,/Users/wulymammoth/.codex/superpowers/skills.archived-skill-budget-20260626/dispatching-parallel-agents/SKILL.md,182,76806091c7f923ba2596546b19cccd98a08e57a68745df77c3a7b998fe838e2b
False,executing-plans,archived-superpowers,Leave dormant,Archive,Retained older Superpowers archive; not the active 6.3.0 plugin. Broken legacy symlink does not make this active.,/Users/wulymammoth/.codex/superpowers/skills.archived-skill-budget-20260626/executing-plans/SKILL.md,/Users/wulymammoth/.codex/superpowers/skills.archived-skill-budget-20260626/executing-plans/SKILL.md,70,a711f83fb762e2ea0fa151f598893da9911a408895c91cc7a7e0770dd59a27b3
False,finishing-a-development-branch,archived-superpowers,Leave dormant,Archive,Retained older Superpowers archive; not the active 6.3.0 plugin. Broken legacy symlink does not make this active.,/Users/wulymammoth/.codex/superpowers/skills.archived-skill-budget-20260626/finishing-a-development-branch/SKILL.md,/Users/wulymammoth/.codex/superpowers/skills.archived-skill-budget-20260626/finishing-a-development-branch/SKILL.md,200,dd2f82c6dc8582b621f9eb57fcb65f557f88eadf872727ac81d0840ae12c504e
False,receiving-code-review,archived-superpowers,Leave dormant,Archive,Retained older Superpowers archive; not the active 6.3.0 plugin. Broken legacy symlink does not make this active.,/Users/wulymammoth/.codex/superpowers/skills.archived-skill-budget-20260626/receiving-code-review/SKILL.md,/Users/wulymammoth/.codex/superpowers/skills.archived-skill-budget-20260626/receiving-code-review/SKILL.md,213,c9382e92b8f32363566068ecfed19d3b2651eaf40d3942b24840f839dedfc406
False,requesting-code-review,archived-superpowers,Leave dormant,Archive,Retained older Superpowers archive; not the active 6.3.0 plugin. Broken legacy symlink does not make this active.,/Users/wulymammoth/.codex/superpowers/skills.archived-skill-budget-20260626/requesting-code-review/SKILL.md,/Users/wulymammoth/.codex/superpowers/skills.archived-skill-budget-20260626/requesting-code-review/SKILL.md,105,a5ff68586ccf62d1803cedeb71d60fd96ec05591d29c8d123196117eefd34cd0
False,subagent-driven-development,archived-superpowers,Leave dormant,Archive,Retained older Superpowers archive; not the active 6.3.0 plugin. Broken legacy symlink does not make this active.,/Users/wulymammoth/.codex/superpowers/skills.archived-skill-budget-20260626/subagent-driven-development/SKILL.md,/Users/wulymammoth/.codex/superpowers/skills.archived-skill-budget-20260626/subagent-driven-development/SKILL.md,277,081ad3869e55c80bf8f890b4768a90c0e8057daf94b1b6fadebfc85ea5b8304a
False,systematic-debugging,archived-superpowers,Leave dormant,Archive,Retained older Superpowers archive; not the active 6.3.0 plugin. Broken legacy symlink does not make this active.,/Users/wulymammoth/.codex/superpowers/skills.archived-skill-budget-20260626/systematic-debugging/SKILL.md,/Users/wulymammoth/.codex/superpowers/skills.archived-skill-budget-20260626/systematic-debugging/SKILL.md,296,4999cb851360485eca5074e727bbdd62ef20549c5d5b01216fcbf5831badb473
False,test-driven-development,archived-superpowers,Leave dormant,Archive,Retained older Superpowers archive; not the active 6.3.0 plugin. Broken legacy symlink does not make this active.,/Users/wulymammoth/.codex/superpowers/skills.archived-skill-budget-20260626/test-driven-development/SKILL.md,/Users/wulymammoth/.codex/superpowers/skills.archived-skill-budget-20260626/test-driven-development/SKILL.md,371,7dee67b4af6bdccc7a914ca34533184d64592d0f5b23aeae631538168db14994
False,using-git-worktrees,archived-superpowers,Leave dormant,Archive,Retained older Superpowers archive; not the active 6.3.0 plugin. Broken legacy symlink does not make this active.,/Users/wulymammoth/.codex/superpowers/skills.archived-skill-budget-20260626/using-git-worktrees/SKILL.md,/Users/wulymammoth/.codex/superpowers/skills.archived-skill-budget-20260626/using-git-worktrees/SKILL.md,218,de9dcde34840eee074047ec327d4ea6ca4954c5a73a6d874dc48f25fe46c9e7c
False,using-superpowers,archived-superpowers,Leave dormant,Archive,Retained older Superpowers archive; not the active 6.3.0 plugin. Broken legacy symlink does not make this active.,/Users/wulymammoth/.codex/superpowers/skills.archived-skill-budget-20260626/using-superpowers/SKILL.md,/Users/wulymammoth/.codex/superpowers/skills.archived-skill-budget-20260626/using-superpowers/SKILL.md,115,5fa548a85ce639dc6a2ea53607f9d405363c9b935004d0d95dc16e9629752d00
False,verification-before-completion,archived-superpowers,Leave dormant,Archive,Retained older Superpowers archive; not the active 6.3.0 plugin. Broken legacy symlink does not make this active.,/Users/wulymammoth/.codex/superpowers/skills.archived-skill-budget-20260626/verification-before-completion/SKILL.md,/Users/wulymammoth/.codex/superpowers/skills.archived-skill-budget-20260626/verification-before-completion/SKILL.md,139,ea52d15aabaf72bc6b558efe2c126f161b53961090ddcd712000273bfe8c7b6c
False,writing-plans,archived-superpowers,Leave dormant,Archive,Retained older Superpowers archive; not the active 6.3.0 plugin. Broken legacy symlink does not make this active.,/Users/wulymammoth/.codex/superpowers/skills.archived-skill-budget-20260626/writing-plans/SKILL.md,/Users/wulymammoth/.codex/superpowers/skills.archived-skill-budget-20260626/writing-plans/SKILL.md,145,d936159ad11f2e79ba8ae8b8653f87bb924ddaf78ae11dc3a424b4032ad1bd23
False,writing-skills,archived-superpowers,Leave dormant,Archive,Retained older Superpowers archive; not the active 6.3.0 plugin. Broken legacy symlink does not make this active.,/Users/wulymammoth/.codex/superpowers/skills.archived-skill-budget-20260626/writing-skills/SKILL.md,/Users/wulymammoth/.codex/superpowers/skills.archived-skill-budget-20260626/writing-skills/SKILL.md,655,d83a09d6a1c6976f6cc2f40addeae653a4a6eb5903097ebc365d90242e00e379
False,ctx,claude-local,Keep shared capability,Other agent,Shared link or separate per-agent installation. Follow the corresponding Codex specialist recommendation; do not count cross-agent portability as duplicate active Codex cost.,/Users/wulymammoth/.claude/skills/ctx/SKILL.md,/Users/wulymammoth/.claude/skills/ctx/SKILL.md,252,7f9b77506ef0149db93773f6ca0dd7bda64c25ff87e04afcd28e5d38b928a1e8
False,grill-me,claude-local,Keep shared capability,Other agent,Shared link or separate per-agent installation. Follow the corresponding Codex specialist recommendation; do not count cross-agent portability as duplicate active Codex cost.,/Users/wulymammoth/.claude/skills/grill-me/SKILL.md,/Users/wulymammoth/.agents/skills/grill-me/SKILL.md,10,74147eb6010a65957efef2b9e0f0b3ff935c1def7fc117697151b1d0f3610556
False,grill-with-docs,claude-local,Keep shared capability,Other agent,Shared link or separate per-agent installation. Follow the corresponding Codex specialist recommendation; do not count cross-agent portability as duplicate active Codex cost.,/Users/wulymammoth/.claude/skills/grill-with-docs/SKILL.md,/Users/wulymammoth/.agents/skills/grill-with-docs/SKILL.md,88,3e35025119ba03efe7983dfdec3c8b96918142e3978512f3c2bf66d428310c7e
False,gsd,claude-local,Retire shared discovery,Unused workflow,Claude reaches the same legacy GSD tree through a symlink; coordinate deactivation across agents without deleting project planning history.,/Users/wulymammoth/.claude/skills/gsd/SKILL.md,/Users/wulymammoth/.agents/skills/gsd/SKILL.md,241,fb83d9389fd1364cea82cc751f6e8a5098e60f66762ba1719a53020277102390
False,gsd-codebase-mapper,claude-local,Retire shared discovery,Unused workflow,Claude reaches the same legacy GSD tree through a symlink; coordinate deactivation across agents without deleting project planning history.,/Users/wulymammoth/.claude/skills/gsd/agents/codebase-mapper/SKILL.md,/Users/wulymammoth/.agents/skills/gsd/agents/codebase-mapper/SKILL.md,727,ace0e09769f8ab71c4c0a0070238ee0b71bb0b508245e4d827052943a7aa3bec
False,gsd-debugger,claude-local,Retire shared discovery,Unused workflow,Claude reaches the same legacy GSD tree through a symlink; coordinate deactivation across agents without deleting project planning history.,/Users/wulymammoth/.claude/skills/gsd/agents/debugger/SKILL.md,/Users/wulymammoth/.agents/skills/gsd/agents/debugger/SKILL.md,690,409e356db78f38939ba0e35806102902f8affbb1dc05693efa3738fe78e1f81c
False,gsd-executor,claude-local,Retire shared discovery,Unused workflow,Claude reaches the same legacy GSD tree through a symlink; coordinate deactivation across agents without deleting project planning history.,/Users/wulymammoth/.claude/skills/gsd/agents/executor/SKILL.md,/Users/wulymammoth/.agents/skills/gsd/agents/executor/SKILL.md,629,46a51114c69a1df57493158671705273218225ec5700372386be904d89d59893
False,gsd-integration-checker,claude-local,Retire shared discovery,Unused workflow,Claude reaches the same legacy GSD tree through a symlink; coordinate deactivation across agents without deleting project planning history.,/Users/wulymammoth/.claude/skills/gsd/agents/integration-checker/SKILL.md,/Users/wulymammoth/.agents/skills/gsd/agents/integration-checker/SKILL.md,394,194f1db73d8502a3a0fdf61272197542b0e01a7a3116456d15e6a9e33b10cd5f
False,gsd-phase-researcher,claude-local,Retire shared discovery,Unused workflow,Claude reaches the same legacy GSD tree through a symlink; coordinate deactivation across agents without deleting project planning history.,/Users/wulymammoth/.claude/skills/gsd/agents/phase-researcher/SKILL.md,/Users/wulymammoth/.agents/skills/gsd/agents/phase-researcher/SKILL.md,271,d021d069fa4edf9d43d50ed88679d833c4cc0309f7793eaea9599f061e89c394
False,gsd-plan-checker,claude-local,Retire shared discovery,Unused workflow,Claude reaches the same legacy GSD tree through a symlink; coordinate deactivation across agents without deleting project planning history.,/Users/wulymammoth/.claude/skills/gsd/agents/plan-checker/SKILL.md,/Users/wulymammoth/.agents/skills/gsd/agents/plan-checker/SKILL.md,346,8ae05d499c6a459e78107c5fb2966882578896f07dea47a0f014a42542e811ac
False,gsd-planner,claude-local,Retire shared discovery,Unused workflow,Claude reaches the same legacy GSD tree through a symlink; coordinate deactivation across agents without deleting project planning history.,/Users/wulymammoth/.claude/skills/gsd/agents/planner/SKILL.md,/Users/wulymammoth/.agents/skills/gsd/agents/planner/SKILL.md,560,80808d7ec9cd1082739a1bd0bdcfd8609e894b3597ff488fc660f84c2506b549
False,gsd-project-researcher,claude-local,Retire shared discovery,Unused workflow,Claude reaches the same legacy GSD tree through a symlink; coordinate deactivation across agents without deleting project planning history.,/Users/wulymammoth/.claude/skills/gsd/agents/project-researcher/SKILL.md,/Users/wulymammoth/.agents/skills/gsd/agents/project-researcher/SKILL.md,448,c469ba94fffcea81d50e17a1ca64804c18fb1067d9e5dfdcfd7623402ac50974
False,gsd-research-synthesizer,claude-local,Retire shared discovery,Unused workflow,Claude reaches the same legacy GSD tree through a symlink; coordinate deactivation across agents without deleting project planning history.,/Users/wulymammoth/.claude/skills/gsd/agents/research-synthesizer/SKILL.md,/Users/wulymammoth/.agents/skills/gsd/agents/research-synthesizer/SKILL.md,266,3db21c51372c8757079901b4dfbc64712abf3d3312cd80ca97c6d27c3970551b
False,gsd-roadmapper,claude-local,Retire shared discovery,Unused workflow,Claude reaches the same legacy GSD tree through a symlink; coordinate deactivation across agents without deleting project planning history.,/Users/wulymammoth/.claude/skills/gsd/agents/roadmapper/SKILL.md,/Users/wulymammoth/.agents/skills/gsd/agents/roadmapper/SKILL.md,540,43aaf8686b4e6106e4ebe6aefce9569d7a1f02071a76f9cf0097c281a5280b88
False,gsd-verifier,claude-local,Retire shared discovery,Unused workflow,Claude reaches the same legacy GSD tree through a symlink; coordinate deactivation across agents without deleting project planning history.,/Users/wulymammoth/.claude/skills/gsd/agents/verifier/SKILL.md,/Users/wulymammoth/.agents/skills/gsd/agents/verifier/SKILL.md,663,30253008be3666cd985282c3f30e21ad339f0cc1596b2403c7f0fca00e4641ba
False,gsd:add-phase,claude-local,Retire shared discovery,Unused workflow,Claude reaches the same legacy GSD tree through a symlink; coordinate deactivation across agents without deleting project planning history.,/Users/wulymammoth/.claude/skills/gsd/commands/add-phase/SKILL.md,/Users/wulymammoth/.agents/skills/gsd/commands/add-phase/SKILL.md,26,fd943d38ac3ccb68c5e4500e0f2fc08d0d5f56d4b2b76b099737e330d9f60045
False,gsd:add-todo,claude-local,Retire shared discovery,Unused workflow,Claude reaches the same legacy GSD tree through a symlink; coordinate deactivation across agents without deleting project planning history.,/Users/wulymammoth/.claude/skills/gsd/commands/add-todo/SKILL.md,/Users/wulymammoth/.agents/skills/gsd/commands/add-todo/SKILL.md,26,f4676f7be9a0ce0b2c481cf421476fcd438299a8c25b4c5e3b91c5cdf85fbb7d
False,gsd:audit-milestone,claude-local,Retire shared discovery,Unused workflow,Claude reaches the same legacy GSD tree through a symlink; coordinate deactivation across agents without deleting project planning history.,/Users/wulymammoth/.claude/skills/gsd/commands/audit-milestone/SKILL.md,/Users/wulymammoth/.agents/skills/gsd/commands/audit-milestone/SKILL.md,27,96543112a874b19f789c22c6fbbcfaeaa76d4b20a7984f233e75c24a1ac068c7
False,gsd:check-todos,claude-local,Retire shared discovery,Unused workflow,Claude reaches the same legacy GSD tree through a symlink; coordinate deactivation across agents without deleting project planning history.,/Users/wulymammoth/.claude/skills/gsd/commands/check-todos/SKILL.md,/Users/wulymammoth/.agents/skills/gsd/commands/check-todos/SKILL.md,26,891c7910e3000d10b782a5effa3fb9870684ffa5f913f0f93181760d600cb588
False,gsd:complete-checkpoint,claude-local,Retire shared discovery,Unused workflow,Claude reaches the same legacy GSD tree through a symlink; coordinate deactivation across agents without deleting project planning history.,/Users/wulymammoth/.claude/skills/gsd/commands/complete-checkpoint/SKILL.md,/Users/wulymammoth/.agents/skills/gsd/commands/complete-checkpoint/SKILL.md,28,859c79e458b500cc53e216d67e60ff491d8ae310ca3b72c61fe3308f3a722b64
False,gsd:complete-milestone,claude-local,Retire shared discovery,Unused workflow,Claude reaches the same legacy GSD tree through a symlink; coordinate deactivation across agents without deleting project planning history.,/Users/wulymammoth/.claude/skills/gsd/commands/complete-milestone/SKILL.md,/Users/wulymammoth/.agents/skills/gsd/commands/complete-milestone/SKILL.md,26,650a66ef1f35d943e5bc61bbd5dd50be1d2ee2f2af0ad61303e4e4b368bafab5
False,gsd:continue-phase,claude-local,Retire shared discovery,Unused workflow,Claude reaches the same legacy GSD tree through a symlink; coordinate deactivation across agents without deleting project planning history.,/Users/wulymammoth/.claude/skills/gsd/commands/continue-phase/SKILL.md,/Users/wulymammoth/.agents/skills/gsd/commands/continue-phase/SKILL.md,28,3fe50bbff32170947cae96aba766a48f45768963d1f5f15ad06d8fc41fb18794
False,gsd:create-checkpoint,claude-local,Retire shared discovery,Unused workflow,Claude reaches the same legacy GSD tree through a symlink; coordinate deactivation across agents without deleting project planning history.,/Users/wulymammoth/.claude/skills/gsd/commands/create-checkpoint/SKILL.md,/Users/wulymammoth/.agents/skills/gsd/commands/create-checkpoint/SKILL.md,30,11b59ee8124ecc6acc6471efa6b3944396f7507a782c5b35a3c23c52d1817e2f
False,gsd:debug,claude-local,Retire shared discovery,Unused workflow,Claude reaches the same legacy GSD tree through a symlink; coordinate deactivation across agents without deleting project planning history.,/Users/wulymammoth/.claude/skills/gsd/commands/debug/SKILL.md,/Users/wulymammoth/.agents/skills/gsd/commands/debug/SKILL.md,42,4d9f79ab922349f87f2d33fa7eda3dab9bcbd3b88d7fc067f05846937ccbd991
False,gsd:discuss-phase,claude-local,Retire shared discovery,Unused workflow,Claude reaches the same legacy GSD tree through a symlink; coordinate deactivation across agents without deleting project planning history.,/Users/wulymammoth/.claude/skills/gsd/commands/discuss-phase/SKILL.md,/Users/wulymammoth/.agents/skills/gsd/commands/discuss-phase/SKILL.md,28,9538e81b2c7fe3a902cb295f4f4035a7f3a8a89dada5faba58afdfee67a5ad2c
False,gsd:execute-phase,claude-local,Retire shared discovery,Unused workflow,Claude reaches the same legacy GSD tree through a symlink; coordinate deactivation across agents without deleting project planning history.,/Users/wulymammoth/.claude/skills/gsd/commands/execute-phase/SKILL.md,/Users/wulymammoth/.agents/skills/gsd/commands/execute-phase/SKILL.md,48,2f955467b15ec672f8ca07d3b02beeb6b41503ecd111227e18d2dbbcf547fa47
False,gsd:help,claude-local,Retire shared discovery,Unused workflow,Claude reaches the same legacy GSD tree through a symlink; coordinate deactivation across agents without deleting project planning history.,/Users/wulymammoth/.claude/skills/gsd/commands/help/SKILL.md,/Users/wulymammoth/.agents/skills/gsd/commands/help/SKILL.md,26,23f4c0ca568ae8844dd72d081477cc53ddf486bd391fd8120324aff971b00cf3
False,gsd:init-repo,claude-local,Retire shared discovery,Unused workflow,Claude reaches the same legacy GSD tree through a symlink; coordinate deactivation across agents without deleting project planning history.,/Users/wulymammoth/.claude/skills/gsd/commands/init-repo/SKILL.md,/Users/wulymammoth/.agents/skills/gsd/commands/init-repo/SKILL.md,33,df07678554d8fa923d0b1cc70ba513036e73853df5fe3f703e0be5a0e467ab2b
False,gsd:insert-phase,claude-local,Retire shared discovery,Unused workflow,Claude reaches the same legacy GSD tree through a symlink; coordinate deactivation across agents without deleting project planning history.,/Users/wulymammoth/.claude/skills/gsd/commands/insert-phase/SKILL.md,/Users/wulymammoth/.agents/skills/gsd/commands/insert-phase/SKILL.md,26,ff046344cb8254929d642088a9df3358569aa0fa697afa2c28bfba2ee472460d
False,gsd:integrate,claude-local,Retire shared discovery,Unused workflow,Claude reaches the same legacy GSD tree through a symlink; coordinate deactivation across agents without deleting project planning history.,/Users/wulymammoth/.claude/skills/gsd/commands/integrate/SKILL.md,/Users/wulymammoth/.agents/skills/gsd/commands/integrate/SKILL.md,28,f028f4201afd80669e5c78938dd91b3ad893c0149177497a849c04d21d6e443b
False,gsd:list-phase-assumptions,claude-local,Retire shared discovery,Unused workflow,Claude reaches the same legacy GSD tree through a symlink; coordinate deactivation across agents without deleting project planning history.,/Users/wulymammoth/.claude/skills/gsd/commands/list-phase-assumptions/SKILL.md,/Users/wulymammoth/.agents/skills/gsd/commands/list-phase-assumptions/SKILL.md,26,5f91b240cc0efd50bc5dab4f2dd9c131b9a6e78d0d750d3c56cfa4df21f4b43a
False,gsd:map-codebase,claude-local,Retire shared discovery,Unused workflow,Claude reaches the same legacy GSD tree through a symlink; coordinate deactivation across agents without deleting project planning history.,/Users/wulymammoth/.claude/skills/gsd/commands/map-codebase/SKILL.md,/Users/wulymammoth/.agents/skills/gsd/commands/map-codebase/SKILL.md,37,24b1d5261db9c4eb80506b9eadad50b8c28d856adccc2d3e0e5182008621ce1e
False,gsd:new-milestone,claude-local,Retire shared discovery,Unused workflow,Claude reaches the same legacy GSD tree through a symlink; coordinate deactivation across agents without deleting project planning history.,/Users/wulymammoth/.claude/skills/gsd/commands/new-milestone/SKILL.md,/Users/wulymammoth/.agents/skills/gsd/commands/new-milestone/SKILL.md,26,75f5e8ca6a7d3f7402fd1fd776817fc2431c757858a67a85becf3cdb4f004ddb
False,gsd:new-project,claude-local,Retire shared discovery,Unused workflow,Claude reaches the same legacy GSD tree through a symlink; coordinate deactivation across agents without deleting project planning history.,/Users/wulymammoth/.claude/skills/gsd/commands/new-project/SKILL.md,/Users/wulymammoth/.agents/skills/gsd/commands/new-project/SKILL.md,274,71b7a3d5c399185a80c2e02bd0d1ab11a8831dd23cc0cc275b55b390c2c07270
False,gsd:pause-work,claude-local,Retire shared discovery,Unused workflow,Claude reaches the same legacy GSD tree through a symlink; coordinate deactivation across agents without deleting project planning history.,/Users/wulymammoth/.claude/skills/gsd/commands/pause-work/SKILL.md,/Users/wulymammoth/.agents/skills/gsd/commands/pause-work/SKILL.md,26,73ad9e8c3f032b805c9b5c0e9911279f87dd9e6f44b9121541a6767c716f864f
False,gsd:plan-milestone-gaps,claude-local,Retire shared discovery,Unused workflow,Claude reaches the same legacy GSD tree through a symlink; coordinate deactivation across agents without deleting project planning history.,/Users/wulymammoth/.claude/skills/gsd/commands/plan-milestone-gaps/SKILL.md,/Users/wulymammoth/.agents/skills/gsd/commands/plan-milestone-gaps/SKILL.md,26,1834b2a59de4638ed5f09db59849a0fc123cdb260c7dc85f9e6ddfb067eeab82
False,gsd:plan-phase,claude-local,Retire shared discovery,Unused workflow,Claude reaches the same legacy GSD tree through a symlink; coordinate deactivation across agents without deleting project planning history.,/Users/wulymammoth/.claude/skills/gsd/commands/plan-phase/SKILL.md,/Users/wulymammoth/.agents/skills/gsd/commands/plan-phase/SKILL.md,39,cd94eaf17a5ca0e788bcf68b0b4a52a0f52301f0c4613b9eeb8d2f4c62250ec1
False,gsd:progress,claude-local,Retire shared discovery,Unused workflow,Claude reaches the same legacy GSD tree through a symlink; coordinate deactivation across agents without deleting project planning history.,/Users/wulymammoth/.claude/skills/gsd/commands/progress/SKILL.md,/Users/wulymammoth/.agents/skills/gsd/commands/progress/SKILL.md,26,19da1128376059badd938b4a1aa6e45c7506bf850ab866867194529cf018b861
False,gsd:reference:checkpoints,claude-local,Retire shared discovery,Unused workflow,Claude reaches the same legacy GSD tree through a symlink; coordinate deactivation across agents without deleting project planning history.,/Users/wulymammoth/.claude/skills/gsd/references/checkpoints/SKILL.md,/Users/wulymammoth/.agents/skills/gsd/references/checkpoints/SKILL.md,36,6824c8cd9668938a87e15f18e42ad24d8e81f2024231ad9f22f9487e69800fef
False,gsd:reference:continuation-format,claude-local,Retire shared discovery,Unused workflow,Claude reaches the same legacy GSD tree through a symlink; coordinate deactivation across agents without deleting project planning history.,/Users/wulymammoth/.claude/skills/gsd/references/continuation-format/SKILL.md,/Users/wulymammoth/.agents/skills/gsd/references/continuation-format/SKILL.md,38,3420db80e4a641df4071d49d26838e2d78a5b89f953b6e192a29c16aa3c304d3
False,gsd:reference:git-integration,claude-local,Retire shared discovery,Unused workflow,Claude reaches the same legacy GSD tree through a symlink; coordinate deactivation across agents without deleting project planning history.,/Users/wulymammoth/.claude/skills/gsd/references/git-integration/SKILL.md,/Users/wulymammoth/.agents/skills/gsd/references/git-integration/SKILL.md,35,367271b15ee535273f7fe933ff715707b96420214b1a5b7dd2c12bc5b504bd62
False,gsd:reference:questioning,claude-local,Retire shared discovery,Unused workflow,Claude reaches the same legacy GSD tree through a symlink; coordinate deactivation across agents without deleting project planning history.,/Users/wulymammoth/.claude/skills/gsd/references/questioning/SKILL.md,/Users/wulymammoth/.agents/skills/gsd/references/questioning/SKILL.md,36,d28332ed052226a45bccb6da4470eeecd65fc1e22d53d6fee9de063df7c275e3
False,gsd:reference:tdd,claude-local,Retire shared discovery,Unused workflow,Claude reaches the same legacy GSD tree through a symlink; coordinate deactivation across agents without deleting project planning history.,/Users/wulymammoth/.claude/skills/gsd/references/tdd/SKILL.md,/Users/wulymammoth/.agents/skills/gsd/references/tdd/SKILL.md,35,2fa0eb78a0ee96eb3baab9802dd07861e04367b7112cdbc9f5c99bb677fd513f
False,gsd:reference:ui-brand,claude-local,Retire shared discovery,Unused workflow,Claude reaches the same legacy GSD tree through a symlink; coordinate deactivation across agents without deleting project planning history.,/Users/wulymammoth/.claude/skills/gsd/references/ui-brand/SKILL.md,/Users/wulymammoth/.agents/skills/gsd/references/ui-brand/SKILL.md,36,8462bd40bc79718b5a2d197af78fbb466594c4c846f0a20173c16902a2163461
False,gsd:reference:verification-patterns,claude-local,Retire shared discovery,Unused workflow,Claude reaches the same legacy GSD tree through a symlink; coordinate deactivation across agents without deleting project planning history.,/Users/wulymammoth/.claude/skills/gsd/references/verification-patterns/SKILL.md,/Users/wulymammoth/.agents/skills/gsd/references/verification-patterns/SKILL.md,35,15105dd3e7e9b7f8c2a55a2c9f4a050e8e2ea1cbfdb57cfe778fcb1a14e38ba6
False,gsd:remove-phase,claude-local,Retire shared discovery,Unused workflow,Claude reaches the same legacy GSD tree through a symlink; coordinate deactivation across agents without deleting project planning history.,/Users/wulymammoth/.claude/skills/gsd/commands/remove-phase/SKILL.md,/Users/wulymammoth/.agents/skills/gsd/commands/remove-phase/SKILL.md,26,99a487099247f4a65f4291ac086ef60d0ed4a8e75c1a9d2024c95610b5fd389c
False,gsd:research-phase,claude-local,Retire shared discovery,Unused workflow,Claude reaches the same legacy GSD tree through a symlink; coordinate deactivation across agents without deleting project planning history.,/Users/wulymammoth/.claude/skills/gsd/commands/research-phase/SKILL.md,/Users/wulymammoth/.agents/skills/gsd/commands/research-phase/SKILL.md,28,06eef45f200b551e3c09936d57e2300135bdd3b4512c2f9ba8d85cab0ea2ba7b
False,gsd:research-project,claude-local,Retire shared discovery,Unused workflow,Claude reaches the same legacy GSD tree through a symlink; coordinate deactivation across agents without deleting project planning history.,/Users/wulymammoth/.claude/skills/gsd/commands/research-project/SKILL.md,/Users/wulymammoth/.agents/skills/gsd/commands/research-project/SKILL.md,28,961e406b5b329cab15bf1d9fc43ce66b820594b4e41e43dedc4d6f4cb01c5826
False,gsd:resume-work,claude-local,Retire shared discovery,Unused workflow,Claude reaches the same legacy GSD tree through a symlink; coordinate deactivation across agents without deleting project planning history.,/Users/wulymammoth/.claude/skills/gsd/commands/resume-work/SKILL.md,/Users/wulymammoth/.agents/skills/gsd/commands/resume-work/SKILL.md,26,afc91ec5ef2327dc0a76206245659a6df522f824b88d9a8cc68f2966c11a9006
False,gsd:review-plan,claude-local,Retire shared discovery,Unused workflow,Claude reaches the same legacy GSD tree through a symlink; coordinate deactivation across agents without deleting project planning history.,/Users/wulymammoth/.claude/skills/gsd/commands/review-plan/SKILL.md,/Users/wulymammoth/.agents/skills/gsd/commands/review-plan/SKILL.md,28,edf89e1e093feecd82d15e5fc126dc5b52d82c9145e28d9edcca7f8ff05f16a8
False,gsd:roadmap,claude-local,Retire shared discovery,Unused workflow,Claude reaches the same legacy GSD tree through a symlink; coordinate deactivation across agents without deleting project planning history.,/Users/wulymammoth/.claude/skills/gsd/commands/roadmap/SKILL.md,/Users/wulymammoth/.agents/skills/gsd/commands/roadmap/SKILL.md,33,32b4403ef341c1ea9e7d99c8c62c70ebeee22eefec7ab3cf40b214b1cbd0d264
False,gsd:synthesize,claude-local,Retire shared discovery,Unused workflow,Claude reaches the same legacy GSD tree through a symlink; coordinate deactivation across agents without deleting project planning history.,/Users/wulymammoth/.claude/skills/gsd/commands/synthesize/SKILL.md,/Users/wulymammoth/.agents/skills/gsd/commands/synthesize/SKILL.md,28,aeeff864bc8e5059664ab8f12ef7b0bf800bd5d130e3773d27cb7ade7d42939b
False,gsd:update,claude-local,Retire shared discovery,Unused workflow,Claude reaches the same legacy GSD tree through a symlink; coordinate deactivation across agents without deleting project planning history.,/Users/wulymammoth/.claude/skills/gsd/commands/update/SKILL.md,/Users/wulymammoth/.agents/skills/gsd/commands/update/SKILL.md,26,6a7a724284df72c911862186587ffdb175a4c974c014993ea860bfea7b306a7f
False,gsd:update-checkpoint,claude-local,Retire shared discovery,Unused workflow,Claude reaches the same legacy GSD tree through a symlink; coordinate deactivation across agents without deleting project planning history.,/Users/wulymammoth/.claude/skills/gsd/commands/update-checkpoint/SKILL.md,/Users/wulymammoth/.agents/skills/gsd/commands/update-checkpoint/SKILL.md,28,5f4a30f318fbfb8c35df6a271907df7a0f85843dc641c5181928d0c522c055d8
False,gsd:verify-work,claude-local,Retire shared discovery,Unused workflow,Claude reaches the same legacy GSD tree through a symlink; coordinate deactivation across agents without deleting project planning history.,/Users/wulymammoth/.claude/skills/gsd/commands/verify-work/SKILL.md,/Users/wulymammoth/.agents/skills/gsd/commands/verify-work/SKILL.md,40,7ade331850a44c8222f95be3099865e4beb311ec6fb4ef142c6af9602f999cd4
False,gsd:whats-new,claude-local,Retire shared discovery,Unused workflow,Claude reaches the same legacy GSD tree through a symlink; coordinate deactivation across agents without deleting project planning history.,/Users/wulymammoth/.claude/skills/gsd/commands/whats-new/SKILL.md,/Users/wulymammoth/.agents/skills/gsd/commands/whats-new/SKILL.md,26,f5d86b49eb739ecb5b693d8b25a8685ed88554c6ad3a2bcfabb037091b575955
False,gsd:workflow:brownfield,claude-local,Retire shared discovery,Unused workflow,Claude reaches the same legacy GSD tree through a symlink; coordinate deactivation across agents without deleting project planning history.,/Users/wulymammoth/.claude/skills/gsd/workflows/brownfield/SKILL.md,/Users/wulymammoth/.agents/skills/gsd/workflows/brownfield/SKILL.md,34,313d8590fd1c6191c89b71bc90cd1b0a743455944ca59fff744863723fea32ff
False,gsd:workflow:checkpoint,claude-local,Retire shared discovery,Unused workflow,Claude reaches the same legacy GSD tree through a symlink; coordinate deactivation across agents without deleting project planning history.,/Users/wulymammoth/.claude/skills/gsd/workflows/checkpoint/SKILL.md,/Users/wulymammoth/.agents/skills/gsd/workflows/checkpoint/SKILL.md,35,4f19436dd8200d81fd589913444b1696394e023ca74f2db03e2e7baa93f7fbdd
False,gsd:workflow:complete-milestone,claude-local,Retire shared discovery,Unused workflow,Claude reaches the same legacy GSD tree through a symlink; coordinate deactivation across agents without deleting project planning history.,/Users/wulymammoth/.claude/skills/gsd/workflows/complete-milestone/SKILL.md,/Users/wulymammoth/.agents/skills/gsd/workflows/complete-milestone/SKILL.md,27,9e31e32b24ff73cfffaaad7597b4cee2a06d87ba4f8681b0e02a8872acb5abe7
False,gsd:workflow:debug,claude-local,Retire shared discovery,Unused workflow,Claude reaches the same legacy GSD tree through a symlink; coordinate deactivation across agents without deleting project planning history.,/Users/wulymammoth/.claude/skills/gsd/workflows/debug/SKILL.md,/Users/wulymammoth/.agents/skills/gsd/workflows/debug/SKILL.md,33,01fb3c347e868fff71bc9230b5a7c7b7439d26e6ceacccf41783d41eb7e5fe0b
False,gsd:workflow:diagnose-issues,claude-local,Retire shared discovery,Unused workflow,Claude reaches the same legacy GSD tree through a symlink; coordinate deactivation across agents without deleting project planning history.,/Users/wulymammoth/.claude/skills/gsd/workflows/diagnose-issues/SKILL.md,/Users/wulymammoth/.agents/skills/gsd/workflows/diagnose-issues/SKILL.md,28,4e5e86089812fbbd60fefb02a3ed67e5cadcd2e69df17700b68ca57222ea324a
False,gsd:workflow:discovery-phase,claude-local,Retire shared discovery,Unused workflow,Claude reaches the same legacy GSD tree through a symlink; coordinate deactivation across agents without deleting project planning history.,/Users/wulymammoth/.claude/skills/gsd/workflows/discovery-phase/SKILL.md,/Users/wulymammoth/.agents/skills/gsd/workflows/discovery-phase/SKILL.md,28,ab4d2fc5017676e0abd31e825030e1a1cf8962a31ee803e31c5ea35f79794092
False,gsd:workflow:discuss-phase,claude-local,Retire shared discovery,Unused workflow,Claude reaches the same legacy GSD tree through a symlink; coordinate deactivation across agents without deleting project planning history.,/Users/wulymammoth/.claude/skills/gsd/workflows/discuss-phase/SKILL.md,/Users/wulymammoth/.agents/skills/gsd/workflows/discuss-phase/SKILL.md,28,6f9a2dea874e6e14af1718dfe5147b5f0d51e00e43fa96d5fab5a07b4b9e2b38
False,gsd:workflow:execute-phase,claude-local,Retire shared discovery,Unused workflow,Claude reaches the same legacy GSD tree through a symlink; coordinate deactivation across agents without deleting project planning history.,/Users/wulymammoth/.claude/skills/gsd/workflows/execute-phase/SKILL.md,/Users/wulymammoth/.agents/skills/gsd/workflows/execute-phase/SKILL.md,36,3d8fdf37cc4eb7a5044a215f6ecf56f225d279a702390a11dab1bd80ddba02a2
False,gsd:workflow:execute-plan,claude-local,Retire shared discovery,Unused workflow,Claude reaches the same legacy GSD tree through a symlink; coordinate deactivation across agents without deleting project planning history.,/Users/wulymammoth/.claude/skills/gsd/workflows/execute-plan/SKILL.md,/Users/wulymammoth/.agents/skills/gsd/workflows/execute-plan/SKILL.md,27,69fba7d36b2fae6664422b70974675ead9bd4a25c8a4bb7f46b0208f580738e4
False,gsd:workflow:list-phase-assumptions,claude-local,Retire shared discovery,Unused workflow,Claude reaches the same legacy GSD tree through a symlink; coordinate deactivation across agents without deleting project planning history.,/Users/wulymammoth/.claude/skills/gsd/workflows/list-phase-assumptions/SKILL.md,/Users/wulymammoth/.agents/skills/gsd/workflows/list-phase-assumptions/SKILL.md,28,2a227749f5e00c2b505c1d6a8814a8272943f26fdfee713d931718dde5cff0e2
False,gsd:workflow:new-project,claude-local,Retire shared discovery,Unused workflow,Claude reaches the same legacy GSD tree through a symlink; coordinate deactivation across agents without deleting project planning history.,/Users/wulymammoth/.claude/skills/gsd/workflows/new-project/SKILL.md,/Users/wulymammoth/.agents/skills/gsd/workflows/new-project/SKILL.md,33,ce8adbe5cf69974aee80882af986de2d1cb8dce4626b564bf20c1d35a4acf82e
False,gsd:workflow:research,claude-local,Retire shared discovery,Unused workflow,Claude reaches the same legacy GSD tree through a symlink; coordinate deactivation across agents without deleting project planning history.,/Users/wulymammoth/.claude/skills/gsd/workflows/research/SKILL.md,/Users/wulymammoth/.agents/skills/gsd/workflows/research/SKILL.md,35,ee1661298e0ca27fa0d58019f98ae2943358c367f3b060441d1c602ca5b418f6
False,gsd:workflow:resume-project,claude-local,Retire shared discovery,Unused workflow,Claude reaches the same legacy GSD tree through a symlink; coordinate deactivation across agents without deleting project planning history.,/Users/wulymammoth/.claude/skills/gsd/workflows/resume-project/SKILL.md,/Users/wulymammoth/.agents/skills/gsd/workflows/resume-project/SKILL.md,28,c43efce53d13db5354433eda9002770d9abb5b859b751b8becfcd0401de47c08
False,gsd:workflow:transition,claude-local,Retire shared discovery,Unused workflow,Claude reaches the same legacy GSD tree through a symlink; coordinate deactivation across agents without deleting project planning history.,/Users/wulymammoth/.claude/skills/gsd/workflows/transition/SKILL.md,/Users/wulymammoth/.agents/skills/gsd/workflows/transition/SKILL.md,28,9659a8e8bda7221c11f813efe27c17a36a24cb9665a8619a289905d94da4260e
False,gsd:workflow:verify-phase,claude-local,Retire shared discovery,Unused workflow,Claude reaches the same legacy GSD tree through a symlink; coordinate deactivation across agents without deleting project planning history.,/Users/wulymammoth/.claude/skills/gsd/workflows/verify-phase/SKILL.md,/Users/wulymammoth/.agents/skills/gsd/workflows/verify-phase/SKILL.md,28,61f04810aaf820e7e8e124f726a9b0e0c3cb27ac68c942b3fbd2b460b9901dc9
False,gsd:workflow:verify-work,claude-local,Retire shared discovery,Unused workflow,Claude reaches the same legacy GSD tree through a symlink; coordinate deactivation across agents without deleting project planning history.,/Users/wulymammoth/.claude/skills/gsd/workflows/verify-work/SKILL.md,/Users/wulymammoth/.agents/skills/gsd/workflows/verify-work/SKILL.md,28,47ed23d044ab2a12daf19cdf87f146ce958615e725249fe4a49025b5e15f488c
False,mom-test,claude-local,Keep shared capability,Other agent,Shared link or separate per-agent installation. Follow the corresponding Codex specialist recommendation; do not count cross-agent portability as duplicate active Codex cost.,/Users/wulymammoth/.claude/skills/mom-test/SKILL.md,/Users/wulymammoth/.agents/skills/mom-test/SKILL.md,245,bc234a7c94bd8e1fa159ca4a0b81bc66bf5c9e5d261d1bec64505b5ae7355224
False,postiz,claude-local,Keep shared capability,Other agent,Shared link or separate per-agent installation. Follow the corresponding Codex specialist recommendation; do not count cross-agent portability as duplicate active Codex cost.,/Users/wulymammoth/.claude/skills/postiz/SKILL.md,/Users/wulymammoth/.agents/skills/postiz/SKILL.md,798,492f93fa3c4f11acd36efe4518a45be76a5d4578bd1c728b5a225e15dd8cd167
False,postiz,claude-local,Consolidate discovery,Duplicate,Same nested Postiz duplicate appears through the shared Claude link.,/Users/wulymammoth/.claude/skills/postiz/skills/postiz/SKILL.md,/Users/wulymammoth/.agents/skills/postiz/skills/postiz/SKILL.md,798,492f93fa3c4f11acd36efe4518a45be76a5d4578bd1c728b5a225e15dd8cd167
False,repomix-explorer,claude-local,Keep shared capability,Other agent,Shared link or separate per-agent installation. Follow the corresponding Codex specialist recommendation; do not count cross-agent portability as duplicate active Codex cost.,/Users/wulymammoth/.claude/skills/repomix-explorer/SKILL.md,/Users/wulymammoth/.claude/skills/repomix-explorer/SKILL.md,314,80834b0f1b0a66de9ea852480b3d6571b2020100990328c3a025212ed1fd6e03
False,engram-memory,claude-plugin:engram,Revise if using Claude,Other agent,"Enabled older Engram memory skill mandates broad proactive writes and recovery. Reconcile with current identity, authority, and memory policy; do not delete stored memory as skill cleanup.",/Users/wulymammoth/.claude/plugins/cache/engram/engram/0.1.1/skills/memory/SKILL.md,/Users/wulymammoth/.claude/plugins/cache/engram/engram/0.1.1/skills/memory/SKILL.md,124,f36ae097a9577c68d9a148263acfe5c64b0c87451cfb560cc33399642661ee60
False,brainstorming,claude-plugin:superpowers,Reconcile if using Claude,Other agent,Claude enables Superpowers 6.1.1 while this Codex session uses fork 6.3.0. Preserve the desired fork and review an explicit refresh; do not assume parity.,/Users/wulymammoth/.claude/plugins/cache/superpowers-dev/superpowers/6.1.1/skills/brainstorming/SKILL.md,/Users/wulymammoth/.claude/plugins/cache/superpowers-dev/superpowers/6.1.1/skills/brainstorming/SKILL.md,164,df986ee621e0cbbfa9086a064b857e5457e1648c2023ba5730c6a2c5a8722b75
False,dispatching-parallel-agents,claude-plugin:superpowers,Reconcile if using Claude,Other agent,Claude enables Superpowers 6.1.1 while this Codex session uses fork 6.3.0. Preserve the desired fork and review an explicit refresh; do not assume parity.,/Users/wulymammoth/.claude/plugins/cache/superpowers-dev/superpowers/6.1.1/skills/dispatching-parallel-agents/SKILL.md,/Users/wulymammoth/.claude/plugins/cache/superpowers-dev/superpowers/6.1.1/skills/dispatching-parallel-agents/SKILL.md,185,f0df13f584049059cc5619f90061405b89dcc6e28ab3f2a8517d27d99c7a46a6
False,executing-plans,claude-plugin:superpowers,Reconcile if using Claude,Other agent,Claude enables Superpowers 6.1.1 while this Codex session uses fork 6.3.0. Preserve the desired fork and review an explicit refresh; do not assume parity.,/Users/wulymammoth/.claude/plugins/cache/superpowers-dev/superpowers/6.1.1/skills/executing-plans/SKILL.md,/Users/wulymammoth/.claude/plugins/cache/superpowers-dev/superpowers/6.1.1/skills/executing-plans/SKILL.md,70,bbd8d28bb655a52817cc129ce49f9e46fa7c6303f72ed5de95bfe914ef8e0ce8
False,finishing-a-development-branch,claude-plugin:superpowers,Reconcile if using Claude,Other agent,Claude enables Superpowers 6.1.1 while this Codex session uses fork 6.3.0. Preserve the desired fork and review an explicit refresh; do not assume parity.,/Users/wulymammoth/.claude/plugins/cache/superpowers-dev/superpowers/6.1.1/skills/finishing-a-development-branch/SKILL.md,/Users/wulymammoth/.claude/plugins/cache/superpowers-dev/superpowers/6.1.1/skills/finishing-a-development-branch/SKILL.md,241,e6d4a812de900d33c6eacfb40747f99427f25c304a7b7099120f9373b115a47f
False,receiving-code-review,claude-plugin:superpowers,Reconcile if using Claude,Other agent,Claude enables Superpowers 6.1.1 while this Codex session uses fork 6.3.0. Preserve the desired fork and review an explicit refresh; do not assume parity.,/Users/wulymammoth/.claude/plugins/cache/superpowers-dev/superpowers/6.1.1/skills/receiving-code-review/SKILL.md,/Users/wulymammoth/.claude/plugins/cache/superpowers-dev/superpowers/6.1.1/skills/receiving-code-review/SKILL.md,213,647036bbdab7bf2317e14e079595e984c9030f64295e2b4c0fb57dbeb48f25dd
False,requesting-code-review,claude-plugin:superpowers,Reconcile if using Claude,Other agent,Claude enables Superpowers 6.1.1 while this Codex session uses fork 6.3.0. Preserve the desired fork and review an explicit refresh; do not assume parity.,/Users/wulymammoth/.claude/plugins/cache/superpowers-dev/superpowers/6.1.1/skills/requesting-code-review/SKILL.md,/Users/wulymammoth/.claude/plugins/cache/superpowers-dev/superpowers/6.1.1/skills/requesting-code-review/SKILL.md,103,1017ccdd5bc61fab67c654cf118cbdb520464b313073a0a6b9a6b9aa647a3ad6
False,subagent-driven-development,claude-plugin:superpowers,Reconcile if using Claude,Other agent,Claude enables Superpowers 6.1.1 while this Codex session uses fork 6.3.0. Preserve the desired fork and review an explicit refresh; do not assume parity.,/Users/wulymammoth/.claude/plugins/cache/superpowers-dev/superpowers/6.1.1/skills/subagent-driven-development/SKILL.md,/Users/wulymammoth/.claude/plugins/cache/superpowers-dev/superpowers/6.1.1/skills/subagent-driven-development/SKILL.md,418,41ab239a6ad1c487cd839fdac972a8c9cf0f5e90efa59a63f963767864f0df4c
False,systematic-debugging,claude-plugin:superpowers,Reconcile if using Claude,Other agent,Claude enables Superpowers 6.1.1 while this Codex session uses fork 6.3.0. Preserve the desired fork and review an explicit refresh; do not assume parity.,/Users/wulymammoth/.claude/plugins/cache/superpowers-dev/superpowers/6.1.1/skills/systematic-debugging/SKILL.md,/Users/wulymammoth/.claude/plugins/cache/superpowers-dev/superpowers/6.1.1/skills/systematic-debugging/SKILL.md,296,3b20719eca4f0461cb51a195221320d775dcf03b6859271066a03a5132a6ce7a
False,test-driven-development,claude-plugin:superpowers,Reconcile if using Claude,Other agent,Claude enables Superpowers 6.1.1 while this Codex session uses fork 6.3.0. Preserve the desired fork and review an explicit refresh; do not assume parity.,/Users/wulymammoth/.claude/plugins/cache/superpowers-dev/superpowers/6.1.1/skills/test-driven-development/SKILL.md,/Users/wulymammoth/.claude/plugins/cache/superpowers-dev/superpowers/6.1.1/skills/test-driven-development/SKILL.md,371,b5b4717b8b761cce15a6cfe9022e33fd959e0894c0c39d72c9cb49c23486c10e
False,using-git-worktrees,claude-plugin:superpowers,Reconcile if using Claude,Other agent,Claude enables Superpowers 6.1.1 while this Codex session uses fork 6.3.0. Preserve the desired fork and review an explicit refresh; do not assume parity.,/Users/wulymammoth/.claude/plugins/cache/superpowers-dev/superpowers/6.1.1/skills/using-git-worktrees/SKILL.md,/Users/wulymammoth/.claude/plugins/cache/superpowers-dev/superpowers/6.1.1/skills/using-git-worktrees/SKILL.md,202,e2c3ec142e52868a51af246c620cd76ab648dcf27d6900d47e6ffd07159a9794
False,using-superpowers,claude-plugin:superpowers,Reconcile if using Claude,Other agent,Claude enables Superpowers 6.1.1 while this Codex session uses fork 6.3.0. Preserve the desired fork and review an explicit refresh; do not assume parity.,/Users/wulymammoth/.claude/plugins/cache/superpowers-dev/superpowers/6.1.1/skills/using-superpowers/SKILL.md,/Users/wulymammoth/.claude/plugins/cache/superpowers-dev/superpowers/6.1.1/skills/using-superpowers/SKILL.md,62,55379fe7c1c473a02c61961c822996bff30e1320d6921d9062509bc508482c05
False,verification-before-completion,claude-plugin:superpowers,Reconcile if using Claude,Other agent,Claude enables Superpowers 6.1.1 while this Codex session uses fork 6.3.0. Preserve the desired fork and review an explicit refresh; do not assume parity.,/Users/wulymammoth/.claude/plugins/cache/superpowers-dev/superpowers/6.1.1/skills/verification-before-completion/SKILL.md,/Users/wulymammoth/.claude/plugins/cache/superpowers-dev/superpowers/6.1.1/skills/verification-before-completion/SKILL.md,139,ea52d15aabaf72bc6b558efe2c126f161b53961090ddcd712000273bfe8c7b6c
False,writing-plans,claude-plugin:superpowers,Reconcile if using Claude,Other agent,Claude enables Superpowers 6.1.1 while this Codex session uses fork 6.3.0. Preserve the desired fork and review an explicit refresh; do not assume parity.,/Users/wulymammoth/.claude/plugins/cache/superpowers-dev/superpowers/6.1.1/skills/writing-plans/SKILL.md,/Users/wulymammoth/.claude/plugins/cache/superpowers-dev/superpowers/6.1.1/skills/writing-plans/SKILL.md,193,32ea8952796db7d59b3cd537da11d4e0e10a3f90915b47540cfb2c37e99f73c0
False,writing-skills,claude-plugin:superpowers,Reconcile if using Claude,Other agent,Claude enables Superpowers 6.1.1 while this Codex session uses fork 6.3.0. Preserve the desired fork and review an explicit refresh; do not assume parity.,/Users/wulymammoth/.claude/plugins/cache/superpowers-dev/superpowers/6.1.1/skills/writing-skills/SKILL.md,/Users/wulymammoth/.claude/plugins/cache/superpowers-dev/superpowers/6.1.1/skills/writing-skills/SKILL.md,689,6b8d08fe863318be8480ae8428e169640309fa9208df84bb0510012764454146
False,ai-gateway,claude-plugin:vercel,Leave disabled,Other agent,Vercel plugin is installed but disabled in Claude settings. Includes nested upstream references; not active Codex skill cost. Reassess only if you choose to re-enable it.,/Users/wulymammoth/.claude/plugins/cache/claude-plugins-official/vercel/0.45.1/skills/ai-gateway/SKILL.md,/Users/wulymammoth/.claude/plugins/cache/claude-plugins-official/vercel/0.45.1/skills/ai-gateway/SKILL.md,665,7bfdfaa64d0636a3a972b3c93fd6c707b94a3c48e99f81808c5df79a609747d2
False,ai-sdk,claude-plugin:vercel,Leave disabled,Other agent,Vercel plugin is installed but disabled in Claude settings. Includes nested upstream references; not active Codex skill cost. Reassess only if you choose to re-enable it.,/Users/wulymammoth/.claude/plugins/cache/claude-plugins-official/vercel/0.45.1/skills/ai-sdk/SKILL.md,/Users/wulymammoth/.claude/plugins/cache/claude-plugins-official/vercel/0.45.1/skills/ai-sdk/SKILL.md,387,255c0f4bd83a3a6092b31b887e7f42026eed1aee14bf9d8cf63083d0058bd116
False,ai-sdk,claude-plugin:vercel,Leave disabled,Other agent,Vercel plugin is installed but disabled in Claude settings. Includes nested upstream references; not active Codex skill cost. Reassess only if you choose to re-enable it.,/Users/wulymammoth/.claude/plugins/cache/claude-plugins-official/vercel/0.45.1/skills/ai-sdk/upstream/SKILL.md,/Users/wulymammoth/.claude/plugins/cache/claude-plugins-official/vercel/0.45.1/skills/ai-sdk/upstream/SKILL.md,78,07e3ac5f423104015bb6e324d9840c61f9df52542ad6f3141de0a419d8aefd2f
False,auth,claude-plugin:vercel,Leave disabled,Other agent,Vercel plugin is installed but disabled in Claude settings. Includes nested upstream references; not active Codex skill cost. Reassess only if you choose to re-enable it.,/Users/wulymammoth/.claude/plugins/cache/claude-plugins-official/vercel/0.45.1/skills/auth/SKILL.md,/Users/wulymammoth/.claude/plugins/cache/claude-plugins-official/vercel/0.45.1/skills/auth/SKILL.md,407,b6b9c4b0c9c214f718eef37246e0416a44e52f9fbba11c777892e90af3300f8f
False,bootstrap,claude-plugin:vercel,Leave disabled,Other agent,Vercel plugin is installed but disabled in Claude settings. Includes nested upstream references; not active Codex skill cost. Reassess only if you choose to re-enable it.,/Users/wulymammoth/.claude/plugins/cache/claude-plugins-official/vercel/0.45.1/skills/bootstrap/SKILL.md,/Users/wulymammoth/.claude/plugins/cache/claude-plugins-official/vercel/0.45.1/skills/bootstrap/SKILL.md,233,ed2f91dbec2cb2be24f41466407a5f9b52caf69d18a5f63064bfa937156b7828
False,cdn-caching,claude-plugin:vercel,Leave disabled,Other agent,Vercel plugin is installed but disabled in Claude settings. Includes nested upstream references; not active Codex skill cost. Reassess only if you choose to re-enable it.,/Users/wulymammoth/.claude/plugins/cache/claude-plugins-official/vercel/0.45.1/skills/cdn-caching/SKILL.md,/Users/wulymammoth/.claude/plugins/cache/claude-plugins-official/vercel/0.45.1/skills/cdn-caching/SKILL.md,280,5b5f2fa4057993d97ac47f1352b5714e0b530454ce73f098c3d5eef61222c17b
False,chat-sdk,claude-plugin:vercel,Leave disabled,Other agent,Vercel plugin is installed but disabled in Claude settings. Includes nested upstream references; not active Codex skill cost. Reassess only if you choose to re-enable it.,/Users/wulymammoth/.claude/plugins/cache/claude-plugins-official/vercel/0.45.1/skills/chat-sdk/SKILL.md,/Users/wulymammoth/.claude/plugins/cache/claude-plugins-official/vercel/0.45.1/skills/chat-sdk/SKILL.md,332,82d66d41af16dcc12085bdd4573fe6358bc9f4033972738e9e753a239ba103f1
False,chat-sdk,claude-plugin:vercel,Leave disabled,Other agent,Vercel plugin is installed but disabled in Claude settings. Includes nested upstream references; not active Codex skill cost. Reassess only if you choose to re-enable it.,/Users/wulymammoth/.claude/plugins/cache/claude-plugins-official/vercel/0.45.1/skills/chat-sdk/upstream/SKILL.md,/Users/wulymammoth/.claude/plugins/cache/claude-plugins-official/vercel/0.45.1/skills/chat-sdk/upstream/SKILL.md,209,d6d1224c2d01aa145d34fdb4e7877b61dc9de18315f6ba0344cad21e5df1dbec
False,deployments-cicd,claude-plugin:vercel,Leave disabled,Other agent,Vercel plugin is installed but disabled in Claude settings. Includes nested upstream references; not active Codex skill cost. Reassess only if you choose to re-enable it.,/Users/wulymammoth/.claude/plugins/cache/claude-plugins-official/vercel/0.45.1/skills/deployments-cicd/SKILL.md,/Users/wulymammoth/.claude/plugins/cache/claude-plugins-official/vercel/0.45.1/skills/deployments-cicd/SKILL.md,354,a0d6c92265015d028f8f42f35c28fde880e01cdd43d0109f9788c1b373a721bd
False,env-vars,claude-plugin:vercel,Leave disabled,Other agent,Vercel plugin is installed but disabled in Claude settings. Includes nested upstream references; not active Codex skill cost. Reassess only if you choose to re-enable it.,/Users/wulymammoth/.claude/plugins/cache/claude-plugins-official/vercel/0.45.1/skills/env-vars/SKILL.md,/Users/wulymammoth/.claude/plugins/cache/claude-plugins-official/vercel/0.45.1/skills/env-vars/SKILL.md,280,ba0bdb4db224e04d1aebb60cacb0c6d7242a1a75a832b7c9b39fbe6773f8df61
False,eve,claude-plugin:vercel,Leave disabled,Other agent,Vercel plugin is installed but disabled in Claude settings. Includes nested upstream references; not active Codex skill cost. Reassess only if you choose to re-enable it.,/Users/wulymammoth/.claude/plugins/cache/claude-plugins-official/vercel/0.45.1/skills/eve/SKILL.md,/Users/wulymammoth/.claude/plugins/cache/claude-plugins-official/vercel/0.45.1/skills/eve/SKILL.md,180,c7871bdfd592413006b755c08ceb52c2daa177d36ea4b3a3f5822c09fd10a00b
False,eve,claude-plugin:vercel,Leave disabled,Other agent,Vercel plugin is installed but disabled in Claude settings. Includes nested upstream references; not active Codex skill cost. Reassess only if you choose to re-enable it.,/Users/wulymammoth/.claude/plugins/cache/claude-plugins-official/vercel/0.45.1/skills/eve/upstream/SKILL.md,/Users/wulymammoth/.claude/plugins/cache/claude-plugins-official/vercel/0.45.1/skills/eve/upstream/SKILL.md,57,e467a328d14991a6486a7a2010046fd89d187258806820d569bfac2e135d1725
False,knowledge-update,claude-plugin:vercel,Leave disabled,Other agent,Vercel plugin is installed but disabled in Claude settings. Includes nested upstream references; not active Codex skill cost. Reassess only if you choose to re-enable it.,/Users/wulymammoth/.claude/plugins/cache/claude-plugins-official/vercel/0.45.1/skills/knowledge-update/SKILL.md,/Users/wulymammoth/.claude/plugins/cache/claude-plugins-official/vercel/0.45.1/skills/knowledge-update/SKILL.md,85,a7f6ede9545dcb9bbf36209a6642b104b3182657af893fb828e7f2c9d61468fd
False,marketplace,claude-plugin:vercel,Leave disabled,Other agent,Vercel plugin is installed but disabled in Claude settings. Includes nested upstream references; not active Codex skill cost. Reassess only if you choose to re-enable it.,/Users/wulymammoth/.claude/plugins/cache/claude-plugins-official/vercel/0.45.1/skills/marketplace/SKILL.md,/Users/wulymammoth/.claude/plugins/cache/claude-plugins-official/vercel/0.45.1/skills/marketplace/SKILL.md,110,e36d17e4a8cfbfd4d95a67b8e7872fb3e75a1206b833a6ec5360d6830c4652e8
False,microfrontends,claude-plugin:vercel,Leave disabled,Other agent,Vercel plugin is installed but disabled in Claude settings. Includes nested upstream references; not active Codex skill cost. Reassess only if you choose to re-enable it.,/Users/wulymammoth/.claude/plugins/cache/claude-plugins-official/vercel/0.45.1/skills/microfrontends/SKILL.md,/Users/wulymammoth/.claude/plugins/cache/claude-plugins-official/vercel/0.45.1/skills/microfrontends/SKILL.md,80,2b846d0e875117919e1720f6e086b09560b9f3efc5c3b17575d0f23adf173c1a
False,next-best-practices,claude-plugin:vercel,Leave disabled,Other agent,Vercel plugin is installed but disabled in Claude settings. Includes nested upstream references; not active Codex skill cost. Reassess only if you choose to re-enable it.,/Users/wulymammoth/.claude/plugins/cache/claude-plugins-official/vercel/0.45.1/skills/nextjs/upstream/SKILL.md,/Users/wulymammoth/.claude/plugins/cache/claude-plugins-official/vercel/0.45.1/skills/nextjs/upstream/SKILL.md,153,c78f952d4e98bf3694856dbf70c03a6037d4e258ff3701f2642bfdf108549a25
False,next-cache-components,claude-plugin:vercel,Leave disabled,Other agent,Vercel plugin is installed but disabled in Claude settings. Includes nested upstream references; not active Codex skill cost. Reassess only if you choose to re-enable it.,/Users/wulymammoth/.claude/plugins/cache/claude-plugins-official/vercel/0.45.1/skills/next-cache-components/SKILL.md,/Users/wulymammoth/.claude/plugins/cache/claude-plugins-official/vercel/0.45.1/skills/next-cache-components/SKILL.md,487,4c296aa985079c913f68e5bc0f603c0054fabd2dd7dfdfcc7000198fc5a4b99e
False,next-cache-components,claude-plugin:vercel,Leave disabled,Other agent,Vercel plugin is installed but disabled in Claude settings. Includes nested upstream references; not active Codex skill cost. Reassess only if you choose to re-enable it.,/Users/wulymammoth/.claude/plugins/cache/claude-plugins-official/vercel/0.45.1/skills/next-cache-components/upstream/SKILL.md,/Users/wulymammoth/.claude/plugins/cache/claude-plugins-official/vercel/0.45.1/skills/next-cache-components/upstream/SKILL.md,411,92fc6ac94c5cabdcd13c7dc7aabd6a4d04921e6295dfc00dd9888e375fd1ff4c
False,next-forge,claude-plugin:vercel,Leave disabled,Other agent,Vercel plugin is installed but disabled in Claude settings. Includes nested upstream references; not active Codex skill cost. Reassess only if you choose to re-enable it.,/Users/wulymammoth/.claude/plugins/cache/claude-plugins-official/vercel/0.45.1/skills/next-forge/SKILL.md,/Users/wulymammoth/.claude/plugins/cache/claude-plugins-official/vercel/0.45.1/skills/next-forge/SKILL.md,284,97fcefaa3f0a5174cceefeaea30e92aa7ec5f34d67730649eecad373ef0849d3
False,next-forge,claude-plugin:vercel,Leave disabled,Other agent,Vercel plugin is installed but disabled in Claude settings. Includes nested upstream references; not active Codex skill cost. Reassess only if you choose to re-enable it.,/Users/wulymammoth/.claude/plugins/cache/claude-plugins-official/vercel/0.45.1/skills/next-forge/upstream/SKILL.md,/Users/wulymammoth/.claude/plugins/cache/claude-plugins-official/vercel/0.45.1/skills/next-forge/upstream/SKILL.md,146,be76e0d67cfd50860e2014643fa085977d73e9d9f775f8132791b8e5d1ed5ac6
False,next-upgrade,claude-plugin:vercel,Leave disabled,Other agent,Vercel plugin is installed but disabled in Claude settings. Includes nested upstream references; not active Codex skill cost. Reassess only if you choose to re-enable it.,/Users/wulymammoth/.claude/plugins/cache/claude-plugins-official/vercel/0.45.1/skills/next-upgrade/SKILL.md,/Users/wulymammoth/.claude/plugins/cache/claude-plugins-official/vercel/0.45.1/skills/next-upgrade/SKILL.md,103,96d79dd3cff54d5c1b00cbf3099dcafb8140de673d74ecd313eaba4b0ca1ae54
False,next-upgrade,claude-plugin:vercel,Leave disabled,Other agent,Vercel plugin is installed but disabled in Claude settings. Includes nested upstream references; not active Codex skill cost. Reassess only if you choose to re-enable it.,/Users/wulymammoth/.claude/plugins/cache/claude-plugins-official/vercel/0.45.1/skills/next-upgrade/upstream/SKILL.md,/Users/wulymammoth/.claude/plugins/cache/claude-plugins-official/vercel/0.45.1/skills/next-upgrade/upstream/SKILL.md,50,562f9834d7c55c37498e0787fe431061f4bb766cd1dd6bb52441790593c7e1a8
False,nextjs,claude-plugin:vercel,Leave disabled,Other agent,Vercel plugin is installed but disabled in Claude settings. Includes nested upstream references; not active Codex skill cost. Reassess only if you choose to re-enable it.,/Users/wulymammoth/.claude/plugins/cache/claude-plugins-official/vercel/0.45.1/skills/nextjs/SKILL.md,/Users/wulymammoth/.claude/plugins/cache/claude-plugins-official/vercel/0.45.1/skills/nextjs/SKILL.md,434,a84d03ab8e78050515656d94984d98b37bd30d57b9e290a6b5071053dda5023f
False,react-best-practices,claude-plugin:vercel,Leave disabled,Other agent,Vercel plugin is installed but disabled in Claude settings. Includes nested upstream references; not active Codex skill cost. Reassess only if you choose to re-enable it.,/Users/wulymammoth/.claude/plugins/cache/claude-plugins-official/vercel/0.45.1/skills/react-best-practices/SKILL.md,/Users/wulymammoth/.claude/plugins/cache/claude-plugins-official/vercel/0.45.1/skills/react-best-practices/SKILL.md,188,1f5a862b4c60fbf157dc98931606a41485223e616840393a00d0a9f053f10f28
False,routing-middleware,claude-plugin:vercel,Leave disabled,Other agent,Vercel plugin is installed but disabled in Claude settings. Includes nested upstream references; not active Codex skill cost. Reassess only if you choose to re-enable it.,/Users/wulymammoth/.claude/plugins/cache/claude-plugins-official/vercel/0.45.1/skills/routing-middleware/SKILL.md,/Users/wulymammoth/.claude/plugins/cache/claude-plugins-official/vercel/0.45.1/skills/routing-middleware/SKILL.md,291,b582ee4551d744adfa6f9428fa4268a84c5c83fc042d633df8aaeb8c1c00619d
False,runtime-cache,claude-plugin:vercel,Leave disabled,Other agent,Vercel plugin is installed but disabled in Claude settings. Includes nested upstream references; not active Codex skill cost. Reassess only if you choose to re-enable it.,/Users/wulymammoth/.claude/plugins/cache/claude-plugins-official/vercel/0.45.1/skills/runtime-cache/SKILL.md,/Users/wulymammoth/.claude/plugins/cache/claude-plugins-official/vercel/0.45.1/skills/runtime-cache/SKILL.md,282,22fb4be9b3b2e39ed5514467c44f5a809a0ccfccc4ebaac64273e8918b47a1c2
False,shadcn,claude-plugin:vercel,Leave disabled,Other agent,Vercel plugin is installed but disabled in Claude settings. Includes nested upstream references; not active Codex skill cost. Reassess only if you choose to re-enable it.,/Users/wulymammoth/.claude/plugins/cache/claude-plugins-official/vercel/0.45.1/skills/shadcn/SKILL.md,/Users/wulymammoth/.claude/plugins/cache/claude-plugins-official/vercel/0.45.1/skills/shadcn/SKILL.md,596,4a24abf22a6d10a6e4a0917b0cfb73e45dfa15cd5eec502ec19c661863d8c5f1
False,turbopack,claude-plugin:vercel,Leave disabled,Other agent,Vercel plugin is installed but disabled in Claude settings. Includes nested upstream references; not active Codex skill cost. Reassess only if you choose to re-enable it.,/Users/wulymammoth/.claude/plugins/cache/claude-plugins-official/vercel/0.45.1/skills/turbopack/SKILL.md,/Users/wulymammoth/.claude/plugins/cache/claude-plugins-official/vercel/0.45.1/skills/turbopack/SKILL.md,343,8ef65187c42680aae178288baa02ee8328ad72995cfa7ead960e12389297ef1c
False,vercel-agent,claude-plugin:vercel,Leave disabled,Other agent,Vercel plugin is installed but disabled in Claude settings. Includes nested upstream references; not active Codex skill cost. Reassess only if you choose to re-enable it.,/Users/wulymammoth/.claude/plugins/cache/claude-plugins-official/vercel/0.45.1/skills/vercel-agent/SKILL.md,/Users/wulymammoth/.claude/plugins/cache/claude-plugins-official/vercel/0.45.1/skills/vercel-agent/SKILL.md,88,c7ddcf740e60690490156e04332d7ed36928811f17b2391af9816258e3e06e96
False,vercel-cli,claude-plugin:vercel,Leave disabled,Other agent,Vercel plugin is installed but disabled in Claude settings. Includes nested upstream references; not active Codex skill cost. Reassess only if you choose to re-enable it.,/Users/wulymammoth/.claude/plugins/cache/claude-plugins-official/vercel/0.45.1/skills/vercel-cli/SKILL.md,/Users/wulymammoth/.claude/plugins/cache/claude-plugins-official/vercel/0.45.1/skills/vercel-cli/SKILL.md,149,2e41d91935f64834447da1e50825fa11070c5ef39b8394190a100f0fc76c983e
False,vercel-cli,claude-plugin:vercel,Leave disabled,Other agent,Vercel plugin is installed but disabled in Claude settings. Includes nested upstream references; not active Codex skill cost. Reassess only if you choose to re-enable it.,/Users/wulymammoth/.claude/plugins/cache/claude-plugins-official/vercel/0.45.1/skills/vercel-cli/upstream/SKILL.md,/Users/wulymammoth/.claude/plugins/cache/claude-plugins-official/vercel/0.45.1/skills/vercel-cli/upstream/SKILL.md,66,14984c8339516b9ce016912af1ad9b08cb9893ef1803560e81ffcf9f7f7d6d4e
False,vercel-connect,claude-plugin:vercel,Leave disabled,Other agent,Vercel plugin is installed but disabled in Claude settings. Includes nested upstream references; not active Codex skill cost. Reassess only if you choose to re-enable it.,/Users/wulymammoth/.claude/plugins/cache/claude-plugins-official/vercel/0.45.1/skills/vercel-connect/SKILL.md,/Users/wulymammoth/.claude/plugins/cache/claude-plugins-official/vercel/0.45.1/skills/vercel-connect/SKILL.md,410,9e2180431c0f6ca3b776af03605d3377b777fde08cccaaa3eb645da067a9531d
False,vercel-firewall,claude-plugin:vercel,Leave disabled,Other agent,Vercel plugin is installed but disabled in Claude settings. Includes nested upstream references; not active Codex skill cost. Reassess only if you choose to re-enable it.,/Users/wulymammoth/.claude/plugins/cache/claude-plugins-official/vercel/0.45.1/skills/vercel-firewall/SKILL.md,/Users/wulymammoth/.claude/plugins/cache/claude-plugins-official/vercel/0.45.1/skills/vercel-firewall/SKILL.md,371,04869e0db25bf5bf1f0d26c541dc952bd37fc512786fd6838a7c9ef5dc630918
False,vercel-functions,claude-plugin:vercel,Leave disabled,Other agent,Vercel plugin is installed but disabled in Claude settings. Includes nested upstream references; not active Codex skill cost. Reassess only if you choose to re-enable it.,/Users/wulymammoth/.claude/plugins/cache/claude-plugins-official/vercel/0.45.1/skills/vercel-functions/SKILL.md,/Users/wulymammoth/.claude/plugins/cache/claude-plugins-official/vercel/0.45.1/skills/vercel-functions/SKILL.md,549,66234b69f9c9a2fabafc7c1736b3462ac255d2c286c2465ed0a1f5ed4b35a6a8
False,vercel-react-best-practices,claude-plugin:vercel,Leave disabled,Other agent,Vercel plugin is installed but disabled in Claude settings. Includes nested upstream references; not active Codex skill cost. Reassess only if you choose to re-enable it.,/Users/wulymammoth/.claude/plugins/cache/claude-plugins-official/vercel/0.45.1/skills/react-best-practices/upstream/SKILL.md,/Users/wulymammoth/.claude/plugins/cache/claude-plugins-official/vercel/0.45.1/skills/react-best-practices/upstream/SKILL.md,143,d7b0ec66ea66a17e882f824081ef1d79d5a7c4b0a0304046fde7345482b8cc06
False,vercel-sandbox,claude-plugin:vercel,Leave disabled,Other agent,Vercel plugin is installed but disabled in Claude settings. Includes nested upstream references; not active Codex skill cost. Reassess only if you choose to re-enable it.,/Users/wulymammoth/.claude/plugins/cache/claude-plugins-official/vercel/0.45.1/skills/vercel-sandbox/SKILL.md,/Users/wulymammoth/.claude/plugins/cache/claude-plugins-official/vercel/0.45.1/skills/vercel-sandbox/SKILL.md,369,8a80453de690fb076d74fa62057fb1e3ba97435a127a71c7b6c645bf8b4790ae
False,vercel-sandbox,claude-plugin:vercel,Leave disabled,Other agent,Vercel plugin is installed but disabled in Claude settings. Includes nested upstream references; not active Codex skill cost. Reassess only if you choose to re-enable it.,/Users/wulymammoth/.claude/plugins/cache/claude-plugins-official/vercel/0.45.1/skills/vercel-sandbox/upstream/SKILL.md,/Users/wulymammoth/.claude/plugins/cache/claude-plugins-official/vercel/0.45.1/skills/vercel-sandbox/upstream/SKILL.md,280,15da32dca80c4c84e061f6c567dbfbde1c582c373445554a2d4662f4df8a6fe3
False,vercel-storage,claude-plugin:vercel,Leave disabled,Other agent,Vercel plugin is installed but disabled in Claude settings. Includes nested upstream references; not active Codex skill cost. Reassess only if you choose to re-enable it.,/Users/wulymammoth/.claude/plugins/cache/claude-plugins-official/vercel/0.45.1/skills/vercel-storage/SKILL.md,/Users/wulymammoth/.claude/plugins/cache/claude-plugins-official/vercel/0.45.1/skills/vercel-storage/SKILL.md,526,9365181d819522cb1b206f08fa3261b0f0481382b8518f5a9349c7837d0123cc
False,verification,claude-plugin:vercel,Leave disabled,Other agent,Vercel plugin is installed but disabled in Claude settings. Includes nested upstream references; not active Codex skill cost. Reassess only if you choose to re-enable it.,/Users/wulymammoth/.claude/plugins/cache/claude-plugins-official/vercel/0.45.1/skills/verification/SKILL.md,/Users/wulymammoth/.claude/plugins/cache/claude-plugins-official/vercel/0.45.1/skills/verification/SKILL.md,196,1c9cdb2b04c479a94ada1994d4ef1c216acacba5fcee4959b40eca11a05e8070
False,workflow,claude-plugin:vercel,Leave disabled,Other agent,Vercel plugin is installed but disabled in Claude settings. Includes nested upstream references; not active Codex skill cost. Reassess only if you choose to re-enable it.,/Users/wulymammoth/.claude/plugins/cache/claude-plugins-official/vercel/0.45.1/skills/workflow/SKILL.md,/Users/wulymammoth/.claude/plugins/cache/claude-plugins-official/vercel/0.45.1/skills/workflow/SKILL.md,978,5d3f2e4a353fd3df599af297f34ff556133156bced5c8b0143ada60bab176be9
False,workflow,claude-plugin:vercel,Leave disabled,Other agent,Vercel plugin is installed but disabled in Claude settings. Includes nested upstream references; not active Codex skill cost. Reassess only if you choose to re-enable it.,/Users/wulymammoth/.claude/plugins/cache/claude-plugins-official/vercel/0.45.1/skills/workflow/upstream/SKILL.md,/Users/wulymammoth/.claude/plugins/cache/claude-plugins-official/vercel/0.45.1/skills/workflow/upstream/SKILL.md,555,ee1d6c402c507653b303b0309f660fe975f38010aa9e86eae577549b585ec7ac
False,maestro-mobile-testing,codex-local,Keep; check discovery,Core,"Useful project-stack-aware native UI testing guidance. SKILL.md is a Stow leaf symlink to dotfiles and exists, but this session did not advertise it. CLI launcher is installed; no simulator or flow was run.",/Users/wulymammoth/.codex/skills/maestro-mobile-testing/SKILL.md,/Users/wulymammoth/dotfiles/codex-config/.codex/skills/maestro-mobile-testing/SKILL.md,84,d6354e2c7b5e66eda1f7b6dcf5069903a3669b06e9101cc08aec2089a207735c
False,orchestrating-parallel-worktrees,codex-local,Keep; check discovery,Specialist,"Useful only for explicit multi-writer sessions. Stow leaf symlink exists, but this session did not advertise it. Preserve the startup-root and ownership invariants.",/Users/wulymammoth/.codex/skills/orchestrating-parallel-worktrees/SKILL.md,/Users/wulymammoth/dotfiles/codex-config/.codex/skills/orchestrating-parallel-worktrees/SKILL.md,103,0d61f8d958fb72b58e9985dc490a06d7b96aad34e30e383cea7116308211b22a
False,review-agent,codex-local,Keep managed,Managed,Internal bundled delegated-review skill. Its absence from the ordinary skill catalog does not prove a fault.,/Users/wulymammoth/.codex/skills/.system/review-agent/SKILL.md,/Users/wulymammoth/.codex/skills/.system/review-agent/SKILL.md,57,07079efd0dc76f05fade424e5dfb048dce1de2df7626e1a4f56292a4f3f92228
False,gsd-add-backlog,disabled,Leave dormant,Archive,Already outside active skill discovery. Retained GSD backup; deleting it will not shrink this session catalog.,/Users/wulymammoth/.codex/skills-disabled/gsd-duplicates-20260626/gsd-add-backlog/SKILL.md,/Users/wulymammoth/.codex/skills-disabled/gsd-duplicates-20260626/gsd-add-backlog/SKILL.md,113,27d4255caca6c0092e6032bbf650ec81fbe0844beac327e76e43dfbfbf853c7a
False,gsd-add-phase,disabled,Leave dormant,Archive,Already outside active skill discovery. Retained GSD backup; deleting it will not shrink this session catalog.,/Users/wulymammoth/.codex/skills-disabled/gsd-duplicates-20260626/gsd-add-phase/SKILL.md,/Users/wulymammoth/.codex/skills-disabled/gsd-duplicates-20260626/gsd-add-phase/SKILL.md,80,c341ea9af29f629535df6db6a0429ffabd7ffcd16afd9dc4501f79409bb86959
False,gsd-add-tests,disabled,Leave dormant,Archive,Already outside active skill discovery. Retained GSD backup; deleting it will not shrink this session catalog.,/Users/wulymammoth/.codex/skills-disabled/gsd-duplicates-20260626/gsd-add-tests/SKILL.md,/Users/wulymammoth/.codex/skills-disabled/gsd-duplicates-20260626/gsd-add-tests/SKILL.md,70,64c3dca9db195fb83f4a0200fb88d906c60a552e7507fcdbd6947c9338d5c58c
False,gsd-add-todo,disabled,Leave dormant,Archive,Already outside active skill discovery. Retained GSD backup; deleting it will not shrink this session catalog.,/Users/wulymammoth/.codex/skills-disabled/gsd-duplicates-20260626/gsd-add-todo/SKILL.md,/Users/wulymammoth/.codex/skills-disabled/gsd-duplicates-20260626/gsd-add-todo/SKILL.md,83,aa499c47669a53522c20fa1a3103c397b014ba5a3874e75d6da921b1c154c0ee
False,gsd-ai-integration-phase,disabled,Leave dormant,Archive,Already outside active skill discovery. Retained GSD backup; deleting it will not shrink this session catalog.,/Users/wulymammoth/.codex/skills-disabled/gsd-duplicates-20260626/gsd-ai-integration-phase/SKILL.md,/Users/wulymammoth/.codex/skills-disabled/gsd-duplicates-20260626/gsd-ai-integration-phase/SKILL.md,67,44de362e5c17b44b711bb0ebf04042ff7374fa8c1e74670f7fbbb6a98e655ee3
False,gsd-analyze-dependencies,disabled,Leave dormant,Archive,Already outside active skill discovery. Retained GSD backup; deleting it will not shrink this session catalog.,/Users/wulymammoth/.codex/skills-disabled/gsd-duplicates-20260626/gsd-analyze-dependencies/SKILL.md,/Users/wulymammoth/.codex/skills-disabled/gsd-duplicates-20260626/gsd-analyze-dependencies/SKILL.md,70,a8d0f8ffec0eae2830d711a5405527996628498e5aaf4f51929059fd00191f87
False,gsd-audit-fix,disabled,Leave dormant,Archive,Already outside active skill discovery. Retained GSD backup; deleting it will not shrink this session catalog.,/Users/wulymammoth/.codex/skills-disabled/gsd-duplicates-20260626/gsd-audit-fix/SKILL.md,/Users/wulymammoth/.codex/skills-disabled/gsd-duplicates-20260626/gsd-audit-fix/SKILL.md,65,97f8975748114ec57bcf81454173d45da0a58d66119f8ea1e1a4024192e80efe
False,gsd-audit-milestone,disabled,Leave dormant,Archive,Already outside active skill discovery. Retained GSD backup; deleting it will not shrink this session catalog.,/Users/wulymammoth/.codex/skills-disabled/gsd-duplicates-20260626/gsd-audit-milestone/SKILL.md,/Users/wulymammoth/.codex/skills-disabled/gsd-duplicates-20260626/gsd-audit-milestone/SKILL.md,71,dd2af2cd779d6bbd0c8b147b96ee63028e025292c5c375cabfa66a1d61071685
False,gsd-audit-uat,disabled,Leave dormant,Archive,Already outside active skill discovery. Retained GSD backup; deleting it will not shrink this session catalog.,/Users/wulymammoth/.codex/skills-disabled/gsd-duplicates-20260626/gsd-audit-uat/SKILL.md,/Users/wulymammoth/.codex/skills-disabled/gsd-duplicates-20260626/gsd-audit-uat/SKILL.md,62,8b3ca53f9cf064c2fc5feb6f664dbf13c0ad429a54260797bf01433cfe6393b6
False,gsd-autonomous,disabled,Leave dormant,Archive,Already outside active skill discovery. Retained GSD backup; deleting it will not shrink this session catalog.,/Users/wulymammoth/.codex/skills-disabled/gsd-duplicates-20260626/gsd-autonomous/SKILL.md,/Users/wulymammoth/.codex/skills-disabled/gsd-duplicates-20260626/gsd-autonomous/SKILL.md,79,ec6dac6dcf0a6d81b10c325d52174aabed7920b18f699c380be12b6e3dcb3ea4
False,gsd-check-todos,disabled,Leave dormant,Archive,Already outside active skill discovery. Retained GSD backup; deleting it will not shrink this session catalog.,/Users/wulymammoth/.codex/skills-disabled/gsd-duplicates-20260626/gsd-check-todos/SKILL.md,/Users/wulymammoth/.codex/skills-disabled/gsd-duplicates-20260626/gsd-check-todos/SKILL.md,81,2c2003a63141db25a4ee4cfd176b8185893bf469e82e5ee01c423474e25ab623
False,gsd-cleanup,disabled,Leave dormant,Archive,Already outside active skill discovery. Retained GSD backup; deleting it will not shrink this session catalog.,/Users/wulymammoth/.codex/skills-disabled/gsd-duplicates-20260626/gsd-cleanup/SKILL.md,/Users/wulymammoth/.codex/skills-disabled/gsd-duplicates-20260626/gsd-cleanup/SKILL.md,61,bafc97252700b44a3ef341022342b9d0301804bad31ed21e025ef44bf05b274f
False,gsd-code-review,disabled,Leave dormant,Archive,Already outside active skill discovery. Retained GSD backup; deleting it will not shrink this session catalog.,/Users/wulymammoth/.codex/skills-disabled/gsd-duplicates-20260626/gsd-code-review/SKILL.md,/Users/wulymammoth/.codex/skills-disabled/gsd-duplicates-20260626/gsd-code-review/SKILL.md,90,59772c29c7466447270b390d1ad98f8afbdd3d8c4d2f246f2542c8f966794d63
False,gsd-code-review-fix,disabled,Leave dormant,Archive,Already outside active skill discovery. Retained GSD backup; deleting it will not shrink this session catalog.,/Users/wulymammoth/.codex/skills-disabled/gsd-duplicates-20260626/gsd-code-review-fix/SKILL.md,/Users/wulymammoth/.codex/skills-disabled/gsd-duplicates-20260626/gsd-code-review-fix/SKILL.md,86,0040e8228846d5b9184252aef0281124c4444a0527ddccf96baf58ed8710f0d1
False,gsd-complete-milestone,disabled,Leave dormant,Archive,Already outside active skill discovery. Retained GSD backup; deleting it will not shrink this session catalog.,/Users/wulymammoth/.codex/skills-disabled/gsd-duplicates-20260626/gsd-complete-milestone/SKILL.md,/Users/wulymammoth/.codex/skills-disabled/gsd-duplicates-20260626/gsd-complete-milestone/SKILL.md,172,a2c9d6f854d40484504a8624b3db2d68cad5261d94aeb8551e6fbd1af334d75b
False,gsd-debug,disabled,Leave dormant,Archive,Already outside active skill discovery. Retained GSD backup; deleting it will not shrink this session catalog.,/Users/wulymammoth/.codex/skills-disabled/gsd-duplicates-20260626/gsd-debug/SKILL.md,/Users/wulymammoth/.codex/skills-disabled/gsd-duplicates-20260626/gsd-debug/SKILL.md,299,fa541118eea26fd247f9ea5d674e102e55a0dffaca6c005c2583d228256d32c0
False,gsd-discuss-phase,disabled,Leave dormant,Archive,Already outside active skill discovery. Retained GSD backup; deleting it will not shrink this session catalog.,/Users/wulymammoth/.codex/skills-disabled/gsd-duplicates-20260626/gsd-discuss-phase/SKILL.md,/Users/wulymammoth/.codex/skills-disabled/gsd-duplicates-20260626/gsd-discuss-phase/SKILL.md,100,3133270a6259f0952790901737afcde82caa51e971f2dd9bb53df28d78d8d3a4
False,gsd-do,disabled,Leave dormant,Archive,Already outside active skill discovery. Retained GSD backup; deleting it will not shrink this session catalog.,/Users/wulymammoth/.codex/skills-disabled/gsd-duplicates-20260626/gsd-do/SKILL.md,/Users/wulymammoth/.codex/skills-disabled/gsd-duplicates-20260626/gsd-do/SKILL.md,68,3eaad61c559f0a56f966c69ad21e1c0f186e37dd828e58a236e74ec54594069b
False,gsd-docs-update,disabled,Leave dormant,Archive,Already outside active skill discovery. Retained GSD backup; deleting it will not shrink this session catalog.,/Users/wulymammoth/.codex/skills-disabled/gsd-duplicates-20260626/gsd-docs-update/SKILL.md,/Users/wulymammoth/.codex/skills-disabled/gsd-duplicates-20260626/gsd-docs-update/SKILL.md,81,130d8579d3cb0fa276bcf11a1b6edc7d8e0012a8affcdab9f20e67ef74b6c368
False,gsd-eval-review,disabled,Leave dormant,Archive,Already outside active skill discovery. Retained GSD backup; deleting it will not shrink this session catalog.,/Users/wulymammoth/.codex/skills-disabled/gsd-duplicates-20260626/gsd-eval-review/SKILL.md,/Users/wulymammoth/.codex/skills-disabled/gsd-duplicates-20260626/gsd-eval-review/SKILL.md,66,154916b1a0baa8fdc4db5bc36b3dabd4a1506bd40eac89cb75c8ad4041ab839c
False,gsd-execute-phase,disabled,Leave dormant,Archive,Already outside active skill discovery. Retained GSD backup; deleting it will not shrink this session catalog.,/Users/wulymammoth/.codex/skills-disabled/gsd-duplicates-20260626/gsd-execute-phase/SKILL.md,/Users/wulymammoth/.codex/skills-disabled/gsd-duplicates-20260626/gsd-execute-phase/SKILL.md,95,2659978da16fa34bb49c794b3fdfd261db5900f5bf8c22b59ebe06b4c38b60c1
False,gsd-explore,disabled,Leave dormant,Archive,Already outside active skill discovery. Retained GSD backup; deleting it will not shrink this session catalog.,/Users/wulymammoth/.codex/skills-disabled/gsd-duplicates-20260626/gsd-explore/SKILL.md,/Users/wulymammoth/.codex/skills-disabled/gsd-duplicates-20260626/gsd-explore/SKILL.md,62,61e07b6931e2ebfaafb45b4428a8109da063fe275c691df2ada4b3e07e7bc632
False,gsd-extract_learnings,disabled,Leave dormant,Archive,Already outside active skill discovery. Retained GSD backup; deleting it will not shrink this session catalog.,/Users/wulymammoth/.codex/skills-disabled/gsd-duplicates-20260626/gsd-extract_learnings/SKILL.md,/Users/wulymammoth/.codex/skills-disabled/gsd-duplicates-20260626/gsd-extract_learnings/SKILL.md,56,d3bd694bd6081c3c3a21acf49b84994a8fe465df4c0833326abff0286a82b4fc
False,gsd-fast,disabled,Leave dormant,Archive,Already outside active skill discovery. Retained GSD backup; deleting it will not shrink this session catalog.,/Users/wulymammoth/.codex/skills-disabled/gsd-duplicates-20260626/gsd-fast/SKILL.md,/Users/wulymammoth/.codex/skills-disabled/gsd-duplicates-20260626/gsd-fast/SKILL.md,64,61fb8a7551ecd7b5e3c6ebab67fac305994b5535ccff50b5022c667b2e47c620
False,gsd-forensics,disabled,Leave dormant,Archive,Already outside active skill discovery. Retained GSD backup; deleting it will not shrink this session catalog.,/Users/wulymammoth/.codex/skills-disabled/gsd-duplicates-20260626/gsd-forensics/SKILL.md,/Users/wulymammoth/.codex/skills-disabled/gsd-duplicates-20260626/gsd-forensics/SKILL.md,90,1e9f1b2de26729d00c0354774ff9577ff68730346f6458e5b7c2f5ebdfa9fd7e
False,gsd-from-gsd2,disabled,Leave dormant,Archive,Already outside active skill discovery. Retained GSD backup; deleting it will not shrink this session catalog.,/Users/wulymammoth/.codex/skills-disabled/gsd-duplicates-20260626/gsd-from-gsd2/SKILL.md,/Users/wulymammoth/.codex/skills-disabled/gsd-duplicates-20260626/gsd-from-gsd2/SKILL.md,81,01d5a3a1bff43738493c2202c01d1092c08c44d0ab7f7bacf8b541b6ad173cf4
False,gsd-graphify,disabled,Leave dormant,Archive,Already outside active skill discovery. Retained GSD backup; deleting it will not shrink this session catalog.,/Users/wulymammoth/.codex/skills-disabled/gsd-duplicates-20260626/gsd-graphify/SKILL.md,/Users/wulymammoth/.codex/skills-disabled/gsd-duplicates-20260626/gsd-graphify/SKILL.md,236,88c111b945c9321e805a734175e1b67d434b332f8b4546df9881ef864fa64d1b
False,gsd-health,disabled,Leave dormant,Archive,Already outside active skill discovery. Retained GSD backup; deleting it will not shrink this session catalog.,/Users/wulymammoth/.codex/skills-disabled/gsd-duplicates-20260626/gsd-health/SKILL.md,/Users/wulymammoth/.codex/skills-disabled/gsd-duplicates-20260626/gsd-health/SKILL.md,59,32dd622d1ab8bcc42b53bbf64407c68890b950f22a7ade48d89d473497ad225e
False,gsd-help,disabled,Leave dormant,Archive,Already outside active skill discovery. Retained GSD backup; deleting it will not shrink this session catalog.,/Users/wulymammoth/.codex/skills-disabled/gsd-duplicates-20260626/gsd-help/SKILL.md,/Users/wulymammoth/.codex/skills-disabled/gsd-duplicates-20260626/gsd-help/SKILL.md,65,a994a158362e859b8925a6f5338c7edabb8ee7dbd6efa3983580d8266b4ad7ae
False,gsd-import,disabled,Leave dormant,Archive,Already outside active skill discovery. Retained GSD backup; deleting it will not shrink this session catalog.,/Users/wulymammoth/.codex/skills-disabled/gsd-duplicates-20260626/gsd-import/SKILL.md,/Users/wulymammoth/.codex/skills-disabled/gsd-duplicates-20260626/gsd-import/SKILL.md,68,5750715f885dd892bc88439f7b2fdaa94b2fc22d8fbfd3d2283a7981f168f071
False,gsd-insert-phase,disabled,Leave dormant,Archive,Already outside active skill discovery. Retained GSD backup; deleting it will not shrink this session catalog.,/Users/wulymammoth/.codex/skills-disabled/gsd-duplicates-20260626/gsd-insert-phase/SKILL.md,/Users/wulymammoth/.codex/skills-disabled/gsd-duplicates-20260626/gsd-insert-phase/SKILL.md,69,7069068b8b37c79af3f7e161249558fd2ddf07e2a5df948ec640f3ea7216d80b
False,gsd-intel,disabled,Leave dormant,Archive,Already outside active skill discovery. Retained GSD backup; deleting it will not shrink this session catalog.,/Users/wulymammoth/.codex/skills-disabled/gsd-duplicates-20260626/gsd-intel/SKILL.md,/Users/wulymammoth/.codex/skills-disabled/gsd-duplicates-20260626/gsd-intel/SKILL.md,216,5159014c5b6b7a6bc323bc11b854c318860e3913663b50a67ce5b64628d8fafb
False,gsd-join-discord,disabled,Leave dormant,Archive,Already outside active skill discovery. Retained GSD backup; deleting it will not shrink this session catalog.,/Users/wulymammoth/.codex/skills-disabled/gsd-duplicates-20260626/gsd-join-discord/SKILL.md,/Users/wulymammoth/.codex/skills-disabled/gsd-duplicates-20260626/gsd-join-discord/SKILL.md,60,b394177623293e7cc0746dd4da2d9046b841e080728dcbdae9f199a947733b7b
False,gsd-list-phase-assumptions,disabled,Leave dormant,Archive,Already outside active skill discovery. Retained GSD backup; deleting it will not shrink this session catalog.,/Users/wulymammoth/.codex/skills-disabled/gsd-duplicates-20260626/gsd-list-phase-assumptions/SKILL.md,/Users/wulymammoth/.codex/skills-disabled/gsd-duplicates-20260626/gsd-list-phase-assumptions/SKILL.md,82,e39750c1be28dbbafd32fe261586a3a25c92b994281a03206cb4cb9fadd614af
False,gsd-list-workspaces,disabled,Leave dormant,Archive,Already outside active skill discovery. Retained GSD backup; deleting it will not shrink this session catalog.,/Users/wulymammoth/.codex/skills-disabled/gsd-duplicates-20260626/gsd-list-workspaces/SKILL.md,/Users/wulymammoth/.codex/skills-disabled/gsd-duplicates-20260626/gsd-list-workspaces/SKILL.md,59,37e12069184392f02351b02d163147f6262b4a422ebec8de0fdb339b0be1cb21
False,gsd-manager,disabled,Leave dormant,Archive,Already outside active skill discovery. Retained GSD backup; deleting it will not shrink this session catalog.,/Users/wulymammoth/.codex/skills-disabled/gsd-duplicates-20260626/gsd-manager/SKILL.md,/Users/wulymammoth/.codex/skills-disabled/gsd-duplicates-20260626/gsd-manager/SKILL.md,74,56e474b49a3e30bb92c48d3824fd46f0cab49b7477485085db7340f9f8703295
False,gsd-map-codebase,disabled,Leave dormant,Archive,Already outside active skill discovery. Retained GSD backup; deleting it will not shrink this session catalog.,/Users/wulymammoth/.codex/skills-disabled/gsd-duplicates-20260626/gsd-map-codebase/SKILL.md,/Users/wulymammoth/.codex/skills-disabled/gsd-duplicates-20260626/gsd-map-codebase/SKILL.md,105,899711a55615d8d17ae0364e19a31a30641224875d8c41ef355227208af94254
False,gsd-milestone-summary,disabled,Leave dormant,Archive,Already outside active skill discovery. Retained GSD backup; deleting it will not shrink this session catalog.,/Users/wulymammoth/.codex/skills-disabled/gsd-duplicates-20260626/gsd-milestone-summary/SKILL.md,/Users/wulymammoth/.codex/skills-disabled/gsd-duplicates-20260626/gsd-milestone-summary/SKILL.md,85,ef8a2a24e663a75c68c98550b3d98a65c28ab52e705f65de11c67d8c344f8991
False,gsd-new-milestone,disabled,Leave dormant,Archive,Already outside active skill discovery. Retained GSD backup; deleting it will not shrink this session catalog.,/Users/wulymammoth/.codex/skills-disabled/gsd-duplicates-20260626/gsd-new-milestone/SKILL.md,/Users/wulymammoth/.codex/skills-disabled/gsd-duplicates-20260626/gsd-new-milestone/SKILL.md,80,3249d1491a99ea044d79225129de78f360a83ca336d79c975a096097084b2d68
False,gsd-new-project,disabled,Leave dormant,Archive,Already outside active skill discovery. Retained GSD backup; deleting it will not shrink this session catalog.,/Users/wulymammoth/.codex/skills-disabled/gsd-duplicates-20260626/gsd-new-project/SKILL.md,/Users/wulymammoth/.codex/skills-disabled/gsd-duplicates-20260626/gsd-new-project/SKILL.md,82,4714bdfbecc05e9268863f7396ffcbff2c07f1bbf77f5b953d52e37025cd0ccb
False,gsd-new-workspace,disabled,Leave dormant,Archive,Already outside active skill discovery. Retained GSD backup; deleting it will not shrink this session catalog.,/Users/wulymammoth/.codex/skills-disabled/gsd-duplicates-20260626/gsd-new-workspace/SKILL.md,/Users/wulymammoth/.codex/skills-disabled/gsd-duplicates-20260626/gsd-new-workspace/SKILL.md,81,124f2e5d830d47f18d6f5133957950ef8552c7621fdc5602ceed0393611ac5a0
False,gsd-next,disabled,Leave dormant,Archive,Already outside active skill discovery. Retained GSD backup; deleting it will not shrink this session catalog.,/Users/wulymammoth/.codex/skills-disabled/gsd-duplicates-20260626/gsd-next/SKILL.md,/Users/wulymammoth/.codex/skills-disabled/gsd-duplicates-20260626/gsd-next/SKILL.md,65,fc686cea2e288a4e90dceb948c5f5beb82d4a60c043fcc2f285ea10e8e8ac4fe
False,gsd-note,disabled,Leave dormant,Archive,Already outside active skill discovery. Retained GSD backup; deleting it will not shrink this session catalog.,/Users/wulymammoth/.codex/skills-disabled/gsd-duplicates-20260626/gsd-note/SKILL.md,/Users/wulymammoth/.codex/skills-disabled/gsd-duplicates-20260626/gsd-note/SKILL.md,71,e2e9826f2ed514902f113f9e9dde21c981b1fe9a0d96a1c16dd2f806ad651e6e
False,gsd-pause-work,disabled,Leave dormant,Archive,Already outside active skill discovery. Retained GSD backup; deleting it will not shrink this session catalog.,/Users/wulymammoth/.codex/skills-disabled/gsd-duplicates-20260626/gsd-pause-work/SKILL.md,/Users/wulymammoth/.codex/skills-disabled/gsd-duplicates-20260626/gsd-pause-work/SKILL.md,76,b37dd7b5be1d3198e6ddc3eb3069ecc2980fb48c2a312c70185eaec47c08ae28
False,gsd-plan-milestone-gaps,disabled,Leave dormant,Archive,Already outside active skill discovery. Retained GSD backup; deleting it will not shrink this session catalog.,/Users/wulymammoth/.codex/skills-disabled/gsd-duplicates-20260626/gsd-plan-milestone-gaps/SKILL.md,/Users/wulymammoth/.codex/skills-disabled/gsd-duplicates-20260626/gsd-plan-milestone-gaps/SKILL.md,70,91c18b13a50638a66f05c2e8fedc9323e59d2dd72dd176583159e7b49f187209
False,gsd-plan-phase,disabled,Leave dormant,Archive,Already outside active skill discovery. Retained GSD backup; deleting it will not shrink this session catalog.,/Users/wulymammoth/.codex/skills-disabled/gsd-duplicates-20260626/gsd-plan-phase/SKILL.md,/Users/wulymammoth/.codex/skills-disabled/gsd-duplicates-20260626/gsd-plan-phase/SKILL.md,83,af6c94c2a43a77bbabc9f24f24e4c7b228c7422ea02522e3ecbd97ad43d8cf67
False,gsd-plant-seed,disabled,Leave dormant,Archive,Already outside active skill discovery. Retained GSD backup; deleting it will not shrink this session catalog.,/Users/wulymammoth/.codex/skills-disabled/gsd-duplicates-20260626/gsd-plant-seed/SKILL.md,/Users/wulymammoth/.codex/skills-disabled/gsd-duplicates-20260626/gsd-plant-seed/SKILL.md,63,9ff3c7c905d677d10140c98c58a30bd64b101ffe963b431ba87690884a90a600
False,gsd-pr-branch,disabled,Leave dormant,Archive,Already outside active skill discovery. Retained GSD backup; deleting it will not shrink this session catalog.,/Users/wulymammoth/.codex/skills-disabled/gsd-duplicates-20260626/gsd-pr-branch/SKILL.md,/Users/wulymammoth/.codex/skills-disabled/gsd-duplicates-20260626/gsd-pr-branch/SKILL.md,62,a8cef19e41184abd7d253a5a285743b6404202650c1af9bc7d0c41a9cbdd1c8e
False,gsd-profile-user,disabled,Leave dormant,Archive,Already outside active skill discovery. Retained GSD backup; deleting it will not shrink this session catalog.,/Users/wulymammoth/.codex/skills-disabled/gsd-duplicates-20260626/gsd-profile-user/SKILL.md,/Users/wulymammoth/.codex/skills-disabled/gsd-duplicates-20260626/gsd-profile-user/SKILL.md,79,66487b995cde63dd3e06d29eea4d39fe6d327a6246b26fd0ce5ba55158d31f0c
False,gsd-progress,disabled,Leave dormant,Archive,Already outside active skill discovery. Retained GSD backup; deleting it will not shrink this session catalog.,/Users/wulymammoth/.codex/skills-disabled/gsd-duplicates-20260626/gsd-progress/SKILL.md,/Users/wulymammoth/.codex/skills-disabled/gsd-duplicates-20260626/gsd-progress/SKILL.md,61,661254b0a8dc740708e518d224e68d095a695ee5c83ae5aa9a7d56e1a8b6540f
False,gsd-quick,disabled,Leave dormant,Archive,Already outside active skill discovery. Retained GSD backup; deleting it will not shrink this session catalog.,/Users/wulymammoth/.codex/skills-disabled/gsd-duplicates-20260626/gsd-quick/SKILL.md,/Users/wulymammoth/.codex/skills-disabled/gsd-duplicates-20260626/gsd-quick/SKILL.md,206,a2386fb108b023796dd14b17e934e2decbbff7e805bbc1e4b4f4ca0c25cda912
False,gsd-reapply-patches,disabled,Leave dormant,Archive,Already outside active skill discovery. Retained GSD backup; deleting it will not shrink this session catalog.,/Users/wulymammoth/.codex/skills-disabled/gsd-duplicates-20260626/gsd-reapply-patches/SKILL.md,/Users/wulymammoth/.codex/skills-disabled/gsd-duplicates-20260626/gsd-reapply-patches/SKILL.md,352,8f00971fab175ca49c90a2f6d967043bf587132a6b44c5fbea036d45497b5153
False,gsd-remove-phase,disabled,Leave dormant,Archive,Already outside active skill discovery. Retained GSD backup; deleting it will not shrink this session catalog.,/Users/wulymammoth/.codex/skills-disabled/gsd-duplicates-20260626/gsd-remove-phase/SKILL.md,/Users/wulymammoth/.codex/skills-disabled/gsd-duplicates-20260626/gsd-remove-phase/SKILL.md,68,e78fe1727654d4c432255dc6e9575fc2453a54cac72df0e12628cc6be2b4c8a0
False,gsd-remove-workspace,disabled,Leave dormant,Archive,Already outside active skill discovery. Retained GSD backup; deleting it will not shrink this session catalog.,/Users/wulymammoth/.codex/skills-disabled/gsd-duplicates-20260626/gsd-remove-workspace/SKILL.md,/Users/wulymammoth/.codex/skills-disabled/gsd-duplicates-20260626/gsd-remove-workspace/SKILL.md,64,85ea463cf7964d6c7506172abdca6cd65bb979eb31b4c886865222536edaa408
False,gsd-research-phase,disabled,Leave dormant,Archive,Already outside active skill discovery. Retained GSD backup; deleting it will not shrink this session catalog.,/Users/wulymammoth/.codex/skills-disabled/gsd-duplicates-20260626/gsd-research-phase/SKILL.md,/Users/wulymammoth/.codex/skills-disabled/gsd-duplicates-20260626/gsd-research-phase/SKILL.md,232,90315ddd56d2d8f27973eb2fc3b0c1a4affa201821e9bc42066ce4b43be26e1f
False,gsd-resume-work,disabled,Leave dormant,Archive,Already outside active skill discovery. Retained GSD backup; deleting it will not shrink this session catalog.,/Users/wulymammoth/.codex/skills-disabled/gsd-duplicates-20260626/gsd-resume-work/SKILL.md,/Users/wulymammoth/.codex/skills-disabled/gsd-duplicates-20260626/gsd-resume-work/SKILL.md,76,ac2d3bfb9973b58fac00cb7b7c216b024fb4c5182b79a5df41f2a463a53b592c
False,gsd-review,disabled,Leave dormant,Archive,Already outside active skill discovery. Retained GSD backup; deleting it will not shrink this session catalog.,/Users/wulymammoth/.codex/skills-disabled/gsd-duplicates-20260626/gsd-review/SKILL.md,/Users/wulymammoth/.codex/skills-disabled/gsd-duplicates-20260626/gsd-review/SKILL.md,75,c9a477c603be5a3369319c481e24a41b2ed4189e513aef49b5d82925c7aa2b5b
False,gsd-review-backlog,disabled,Leave dormant,Archive,Already outside active skill discovery. Retained GSD backup; deleting it will not shrink this session catalog.,/Users/wulymammoth/.codex/skills-disabled/gsd-duplicates-20260626/gsd-review-backlog/SKILL.md,/Users/wulymammoth/.codex/skills-disabled/gsd-duplicates-20260626/gsd-review-backlog/SKILL.md,99,991014d5483920b8f178d6c36ba9ae070d2de91595ee315890d3c457c1dbcb6b
False,gsd-scan,disabled,Leave dormant,Archive,Already outside active skill discovery. Retained GSD backup; deleting it will not shrink this session catalog.,/Users/wulymammoth/.codex/skills-disabled/gsd-duplicates-20260626/gsd-scan/SKILL.md,/Users/wulymammoth/.codex/skills-disabled/gsd-duplicates-20260626/gsd-scan/SKILL.md,61,3270d6c7f5ee8e92d54b85cebc78bf3091b535dfbe2153187a9ec573d4955af9
False,gsd-secure-phase,disabled,Leave dormant,Archive,Already outside active skill discovery. Retained GSD backup; deleting it will not shrink this session catalog.,/Users/wulymammoth/.codex/skills-disabled/gsd-duplicates-20260626/gsd-secure-phase/SKILL.md,/Users/wulymammoth/.codex/skills-disabled/gsd-duplicates-20260626/gsd-secure-phase/SKILL.md,68,da580f0b5681bca5d4a6cbc0a5c0f9c05328aee022cb7b16ba4502354cc332c5
False,gsd-session-report,disabled,Leave dormant,Archive,Already outside active skill discovery. Retained GSD backup; deleting it will not shrink this session catalog.,/Users/wulymammoth/.codex/skills-disabled/gsd-duplicates-20260626/gsd-session-report/SKILL.md,/Users/wulymammoth/.codex/skills-disabled/gsd-duplicates-20260626/gsd-session-report/SKILL.md,58,0ac551af7f4e6f5b82c349ed816029d7d5a9d7ce9e7540fcdd62071cdf7bdc76
False,gsd-set-profile,disabled,Leave dormant,Archive,Already outside active skill discovery. Retained GSD backup; deleting it will not shrink this session catalog.,/Users/wulymammoth/.codex/skills-disabled/gsd-duplicates-20260626/gsd-set-profile/SKILL.md,/Users/wulymammoth/.codex/skills-disabled/gsd-duplicates-20260626/gsd-set-profile/SKILL.md,50,de830c3d15968e948833edc8fbd1e3c79cfe4a9f15609971cfe718db9688cabe
False,gsd-settings,disabled,Leave dormant,Archive,Already outside active skill discovery. Retained GSD backup; deleting it will not shrink this session catalog.,/Users/wulymammoth/.codex/skills-disabled/gsd-duplicates-20260626/gsd-settings/SKILL.md,/Users/wulymammoth/.codex/skills-disabled/gsd-duplicates-20260626/gsd-settings/SKILL.md,73,915d1e93bca2e9afdf700085223ee25014c68be9a5cb9672825d7d8e42def5f3
False,gsd-ship,disabled,Leave dormant,Archive,Already outside active skill discovery. Retained GSD backup; deleting it will not shrink this session catalog.,/Users/wulymammoth/.codex/skills-disabled/gsd-duplicates-20260626/gsd-ship/SKILL.md,/Users/wulymammoth/.codex/skills-disabled/gsd-duplicates-20260626/gsd-ship/SKILL.md,58,22cd7e741ea32291fc94df72bbf138301586de5d10ad73bbd7380eef2572d159
False,gsd-stats,disabled,Leave dormant,Archive,Already outside active skill discovery. Retained GSD backup; deleting it will not shrink this session catalog.,/Users/wulymammoth/.codex/skills-disabled/gsd-duplicates-20260626/gsd-stats/SKILL.md,/Users/wulymammoth/.codex/skills-disabled/gsd-duplicates-20260626/gsd-stats/SKILL.md,58,dc8be58115352e2785ca2b25643520c5a10a43e037a657ff0be21e1c1d9cd1d6
False,gsd-thread,disabled,Leave dormant,Archive,Already outside active skill discovery. Retained GSD backup; deleting it will not shrink this session catalog.,/Users/wulymammoth/.codex/skills-disabled/gsd-duplicates-20260626/gsd-thread/SKILL.md,/Users/wulymammoth/.codex/skills-disabled/gsd-duplicates-20260626/gsd-thread/SKILL.md,264,8ec5e47a840301a6eabc8bd9bf3fa9a26cfa278f2a887f0c320183a127af9e11
False,gsd-ui-phase,disabled,Leave dormant,Archive,Already outside active skill discovery. Retained GSD backup; deleting it will not shrink this session catalog.,/Users/wulymammoth/.codex/skills-disabled/gsd-duplicates-20260626/gsd-ui-phase/SKILL.md,/Users/wulymammoth/.codex/skills-disabled/gsd-duplicates-20260626/gsd-ui-phase/SKILL.md,66,7680679efde5e93fef0a677a1f3f761b07015511bf03ba696f5aec95ac0d58d2
False,gsd-ui-review,disabled,Leave dormant,Archive,Already outside active skill discovery. Retained GSD backup; deleting it will not shrink this session catalog.,/Users/wulymammoth/.codex/skills-disabled/gsd-duplicates-20260626/gsd-ui-review/SKILL.md,/Users/wulymammoth/.codex/skills-disabled/gsd-duplicates-20260626/gsd-ui-review/SKILL.md,66,c4fcd16a3a62d2b6e0925cf303f00bfcb09aa4129a94953b6274315fc5290e2c
False,gsd-undo,disabled,Leave dormant,Archive,Already outside active skill discovery. Retained GSD backup; deleting it will not shrink this session catalog.,/Users/wulymammoth/.codex/skills-disabled/gsd-duplicates-20260626/gsd-undo/SKILL.md,/Users/wulymammoth/.codex/skills-disabled/gsd-duplicates-20260626/gsd-undo/SKILL.md,69,a8cde87a7adf70916017a36d2069d58bf09a7129b77cda067b21e3bd354e1923
False,gsd-update,disabled,Leave dormant,Archive,Already outside active skill discovery. Retained GSD backup; deleting it will not shrink this session catalog.,/Users/wulymammoth/.codex/skills-disabled/gsd-duplicates-20260626/gsd-update/SKILL.md,/Users/wulymammoth/.codex/skills-disabled/gsd-duplicates-20260626/gsd-update/SKILL.md,76,925dd0c51fc542102eeecfdd9728affea8ace722e073159b7e8f2c3ab684e2eb
False,gsd-validate-phase,disabled,Leave dormant,Archive,Already outside active skill discovery. Retained GSD backup; deleting it will not shrink this session catalog.,/Users/wulymammoth/.codex/skills-disabled/gsd-duplicates-20260626/gsd-validate-phase/SKILL.md,/Users/wulymammoth/.codex/skills-disabled/gsd-duplicates-20260626/gsd-validate-phase/SKILL.md,68,6eec370c69748ffb8cae3d8bdf6a639822733e68cfab76fb966f9ccb638b0ae6
False,gsd-verify-work,disabled,Leave dormant,Archive,Already outside active skill discovery. Retained GSD backup; deleting it will not shrink this session catalog.,/Users/wulymammoth/.codex/skills-disabled/gsd-duplicates-20260626/gsd-verify-work/SKILL.md,/Users/wulymammoth/.codex/skills-disabled/gsd-duplicates-20260626/gsd-verify-work/SKILL.md,72,ae6a51e2d98586a06934c09ff9a52a4b77ea0a23b5c2fc8907acddff833fa3fe
False,gsd-workstreams,disabled,Leave dormant,Archive,Already outside active skill discovery. Retained GSD backup; deleting it will not shrink this session catalog.,/Users/wulymammoth/.codex/skills-disabled/gsd-duplicates-20260626/gsd-workstreams/SKILL.md,/Users/wulymammoth/.codex/skills-disabled/gsd-duplicates-20260626/gsd-workstreams/SKILL.md,108,51a07260c702f55e8c8309b10b1c9e188ea354512549370c9cabad5935710d7e
False,ctx,opencode-local,Keep for OpenCode,Other agent,Same ctx capability for another agent.,/Users/wulymammoth/.config/opencode/skills/ctx/SKILL.md,/Users/wulymammoth/.config/opencode/skills/ctx/SKILL.md,252,7f9b77506ef0149db93773f6ca0dd7bda64c25ff87e04afcd28e5d38b928a1e8
False,supabase-postgres-best-practices,opencode-local,Keep for OpenCode,Other agent,"Useful PostgreSQL query/index/pooling reference, installed only in the inspected OpenCode root. Not a reason to add another global Codex entry without need.",/Users/wulymammoth/.config/opencode/skills/supabase-postgres-best-practices/SKILL.md,/Users/wulymammoth/dotfiles/opencode/.config/opencode/skills/supabase-postgres-best-practices/SKILL.md,64,ccd6e4596bd51cf344fe76c464867c541ccc16b6d90ae7a9db449fb17588613b
